,God,Level,KDA,Gold Per Minute,Damage Dealt,In Hand Damage Dealt,Damage Taken,Damage Mitigated,Team Healing,Self Healing,Structure Damage,Wards,Distance Traveled
0,Baron Samedi,20,11 / 1 / 20,570,"38,282","2,903","28,377","10,431","5,609","14,873","1,279",6,"646,796"
1,Bakasura,20,7 / 4 / 1,583,"18,370","11,913","22,010","10,128",0,"10,347",0,4,"533,505"
2,Mercury,20,12 / 11 / 15,630,"29,752","18,887","39,727","20,645",0,"12,703","1,399",6,"861,527"
3,Hercules,20,9 / 3 / 8,538,"31,849","8,498","24,846","21,862",0,"13,171",0,4,"575,418"
4,Kuzenbo,20,9 / 2 / 3,540,"18,545","3,752","18,020","22,965",0,"1,366",48,6,"528,289"
5,Camazotz,16,5 / 3 / 8,586,"10,051","2,121","13,054","6,358",0,"7,683",107,1,"336,566"
6,Chernobog,20,9 / 10 / 8,531,"31,535","20,842","27,108","12,947",0,"2,030","2,576",5,"529,179"
7,Artemis,20,15 / 9 / 6,635,"46,817","25,179","38,775","16,367",0,"17,410","3,765",5,"546,700"
8,Fenrir,20,12 / 8 / 5,564,"20,645","9,413","33,245","12,640",0,"10,878","1,591",6,"544,012"
9,Neith,20,18 / 5 / 5,658,"38,207","18,901","28,635","14,006",0,"12,697","4,912",9,"586,946"
10,Ullr,18,8 / 4 / 6,562,"19,827","10,641","16,137","5,932",0,"2,959",546,5,"384,126"
11,Apollo,17,3 / 6 / 3,526,"10,646","6,190","12,768","4,560",0,616,"1,174",3,"392,688"
12,Ares,10,3 / 3 / 2,591,"5,417",489,"7,176","4,019",0,"1,479",0,2,"194,378"
13,Ullr,20,14 / 6 / 8,633,"29,844","16,679","30,208","12,527",0,"14,525","6,953",6,"554,318"
14,Isis,20,10 / 2 / 13,635,"20,057","2,531","15,968","6,769","3,455","8,371",319,9,"484,588"
15,Apollo,20,20 / 2 / 8,693,"33,800","22,566","21,888","10,566",0,"9,867","9,128",8,"497,071"
16,Zeus,20,19 / 4 / 2,657,"28,220","5,380","21,528","6,942",0,"11,025","1,251",5,"428,700"
17,Ne Zha,18,7 / 2 / 12,660,"9,918","2,999","16,992","10,501",0,"8,415",766,5,"446,898"
18,Chang'e,20,5 / 7 / 8,486,"21,623","2,026","22,186","6,940","1,453","8,093",393,1,"542,646"
19,Ares,20,5 / 2 / 13,543,"22,174",849,"25,748","24,020",0,"4,667",675,7,"534,833"
20,Poseidon,20,21 / 3 / 7,739,"40,789","8,776","18,474","7,483",0,"3,462","3,862",4,"785,341"
21,Vulcan,20,4 / 6 / 9,515,"26,377","7,024","20,977","9,545",0,"1,004",521,5,"614,814"
22,Nike,20,13 / 0 / 7,672,"21,580","5,169","20,617","26,911",0,"6,294","2,382",4,"515,076"
23,Anhur,16,1 / 5 / 2,453,"8,717","2,981","12,545","3,922",0,"1,005","1,045",2,"355,489"
24,Apollo,20,7 / 3 / 6,666,"16,362","10,920","18,344","8,570",0,"7,446","14,192",9,"504,809"
25,Medusa,20,9 / 8 / 8,567,"22,461","13,273","28,649","11,885",0,"5,404",0,9,"562,017"
26,Isis,15,7 / 1 / 6,647,"7,693",681,"5,995","2,060",0,"3,155","1,020",4,"304,447"
27,Scylla,19,7 / 3 / 4,542,"13,190","1,513","13,709","3,683",0,"3,160",0,5,"424,229"
28,Cernunnos,9,3 / 3 / 1,586,"4,485","2,204","5,363","1,525",0,962,0,0,"186,285"
29,Chronos,18,3 / 3 / 7,578,"11,409","5,734","13,728","4,550",0,843,"2,313",4,"404,797"
30,Chiron,20,3 / 6 / 10,561,"19,625","9,103","19,803","7,632","1,382","7,891","5,406",5,"501,672"
31,Baron Samedi,20,12 / 6 / 8,603,"35,176","2,293","31,212","14,456","4,989","11,708","1,692",4,"664,110"
32,Fenrir,20,8 / 3 / 15,579,"21,497","11,689","22,248","8,579",0,"10,486","3,379",4,"505,128"
33,Rama,20,11 / 4 / 10,595,"32,204","24,733","33,219","12,630",0,"12,714","2,411",8,"749,272"
34,Anhur,20,8 / 5 / 7,563,"37,195","20,715","28,261","11,883",0,"9,531","4,687",9,"584,427"
35,Apollo,13,8 / 1 / 6,707,"8,205","4,675","6,876","1,806",0,"1,596","2,982",4,"262,182"
36,Jing Wei,20,7 / 9 / 2,560,"28,072","23,676","33,359","11,173",0,"5,951","9,039",5,"574,758"
37,Chiron,12,7 / 0 / 3,752,"9,872","5,626","6,032","1,723",226,"4,498","1,856",2,"195,782"
38,Anhur,19,2 / 8 / 3,522,"10,282","4,371","16,793","6,204",0,"1,569","2,787",3,"414,108"
39,Cerberus,11,6 / 0 / 4,676,"4,092",458,"4,279","3,758",0,"1,498",0,3,"209,264"
40,Ares,11,0 / 2 / 3,601,"4,379",66,"4,487","3,568",0,840,0,4,"205,757"
41,Ratatoskr,20,16 / 8 / 13,636,"51,588","25,639","40,570","18,274",0,"14,357","3,723",6,"765,393"
42,The Morrigan,20,8 / 0 / 11,669,"22,425","3,609","8,155","2,762",0,"2,795","2,978",4,"448,573"
43,Apollo,20,14 / 0 / 0,796,"13,602","9,125","10,377","4,653",0,"5,433","10,914",8,"404,466"
44,Skadi,19,10 / 0 / 3,745,"18,495","8,785","7,874","2,449",0,"2,284","5,787",4,"369,239"
45,Ullr,7,1 / 1 / 2,634,"2,355","1,008","2,972",476,0,996,0,0,"130,406"
46,Cupid,18,8 / 1 / 4,576,"12,001","5,945","10,257","4,071","1,376","4,478","3,328",3,"352,776"
47,Nike,19,10 / 2 / 8,619,"14,838","7,063","14,868","5,912",0,"2,642","3,771",3,"448,060"
48,Xing Tian,20,5 / 2 / 13,600,"20,803","1,562","27,682","34,154",0,"9,878",969,4,"509,116"
49,Hercules,20,20 / 6 / 7,616,"39,924","17,847","40,440","18,139",0,"17,627","2,828",2,"798,097"
50,Anhur,20,12 / 2 / 7,693,"27,367","12,245","19,694","10,891",0,"8,338","6,143",7,"568,618"
51,Apollo,20,13 / 3 / 6,684,"29,858","18,983","25,347","12,122",0,"9,608","9,046",7,"647,264"
52,Medusa,20,9 / 6 / 4,528,"24,614","12,996","27,707","8,742",0,"7,992","5,057",7,"520,798"
53,Apollo,17,7 / 1 / 3,706,"11,501","7,030","11,146","4,394",0,"5,074","6,308",2,"352,947"
54,Bastet,17,1 / 7 / 5,487,"11,132","3,641","17,339","6,350",0,"1,931","1,258",2,"484,672"
55,Raijin,20,4 / 14 / 6,467,"15,531","1,681","32,626","15,908",0,"2,951","1,047",3,"544,600"
56,Kumbhakarna,11,4 / 8 / 1,530,"3,771",557,"15,047","8,300",0,"1,433",0,0,"303,751"
57,Artemis,20,11 / 8 / 3,619,"22,336","15,956","18,108","6,172",0,"4,020","4,069",4,"326,210"
58,Pele,20,17 / 9 / 8,640,"37,703","7,677","32,251","23,702",0,"5,061","6,433",5,"652,104"
59,Ares,19,2 / 5 / 14,474,"15,012",893,"23,603","14,139",0,"6,885",254,5,"509,617"
60,Erlang Shen,20,10 / 6 / 7,658,"25,558","13,953","26,180","15,122",0,"9,714",635,1,"523,338"
61,Apollo,20,12 / 6 / 3,599,"26,971","18,855","29,271","16,117",0,"7,400","3,401",7,"475,679"
62,Ullr,20,5 / 4 / 7,532,"14,860","5,869","15,974","7,395",0,"1,273","1,006",7,"487,421"
63,Cupid,20,7 / 13 / 6,546,"22,016","13,218","29,797","12,134","1,685","9,362","3,644",5,"553,399"
64,Apollo,11,5 / 0 / 4,697,"7,016","2,778","5,100","1,623",0,"1,162","1,340",4,"220,979"
65,Ah Muzen Cab,16,7 / 7 / 4,546,"17,104","7,061","14,399","4,505",0,"2,781","1,332",2,"303,789"
66,Erlang Shen,20,14 / 9 / 6,623,"23,528","10,279","32,635","22,430",0,"7,971","3,814",8,"516,149"
67,Ullr,20,10 / 3 / 6,539,"31,402","15,859","25,081","11,815",0,"7,228","2,370",11,"743,636"
68,Apollo,14,3 / 0 / 6,653,"6,557","3,770","5,384","1,688",0,"1,660","2,766",5,"329,134"
69,Discordia,16,7 / 2 / 6,638,"9,562","1,037","7,180","2,395",0,250,813,5,"307,626"
70,Cupid,20,15 / 5 / 6,621,"44,383","29,223","28,232","12,912","2,156","13,544","7,299",6,"550,564"
71,Ullr,20,10 / 4 / 2,542,"20,952","10,234","19,086","8,039",0,"3,493","3,010",4,"453,917"
72,Awilix,20,16 / 8 / 15,645,"48,470","20,606","34,414","15,323",0,"4,052","5,858",8,"941,811"
73,Artemis,20,23 / 3 / 6,760,"46,525","32,557","27,310","13,818",0,"16,241","5,965",5,"475,363"
74,Jormungandr,9,0 / 3 / 0,537,"4,985","1,768","8,281","2,938",0,"1,421",0,0,"174,722"
75,Nu Wa,20,10 / 3 / 15,672,"26,951","8,438","18,448","7,284",0,"5,202","5,494",7,"568,222"
76,Anhur,20,6 / 7 / 5,517,"15,905","9,068","19,069","6,233",0,"2,259",0,4,"397,509"
77,Apollo,20,13 / 3 / 5,702,"23,286","16,773","14,217","6,129",0,"6,203","9,843",5,"448,962"
78,Cupid,20,17 / 1 / 11,691,"35,752","26,258","24,917","11,054","2,255","17,178","8,788",6,"513,721"
79,Ullr,20,7 / 2 / 11,608,"27,757","14,955","21,979","11,826",0,"10,295","7,723",7,"709,787"
80,Anhur,20,6 / 3 / 9,557,"20,172","11,444","13,052","4,838",0,"2,448","3,501",6,"422,087"
81,Hercules,14,8 / 1 / 3,662,"8,771","3,036","6,276","2,296",0,"3,419",0,4,"320,063"
82,Apollo,20,16 / 2 / 3,763,"19,571","14,168","16,226","6,032",0,"6,346","7,747",7,"432,014"
83,Set,13,0 / 4 / 1,468,"4,084","1,030","10,690","5,752",0,"1,188",0,3,"326,494"
84,Zhong Kui,20,6 / 4 / 3,523,"28,937","1,151","21,104","14,131",0,"6,368",510,2,"492,379"
85,Thoth,11,6 / 1 / 5,667,"7,354",454,"3,821","1,075",0,168,448,2,"178,450"
86,Bellona,20,9 / 4 / 9,631,"26,448","12,854","33,750","32,495",0,"20,278","1,388",6,"533,479"
87,Scylla,20,13 / 6 / 11,651,"31,354","3,902","27,671","10,366",0,"12,695","1,159",8,"566,424"
88,Thanatos,8,0 / 4 / 2,526,"2,302",860,"7,435","2,048",0,"4,698",0,0,"224,265"
89,Ullr,20,6 / 7 / 0,524,"18,997","10,350","24,747","10,441",0,"2,973","2,723",10,"579,504"
90,Anhur,20,10 / 8 / 12,581,"35,780","18,210","26,772","10,738",0,"8,600","7,890",7,"532,181"
91,Cernunnos,20,8 / 2 / 10,639,"25,788","14,084","19,980","8,630",0,"12,658","4,331",6,"473,830"
92,Ullr,20,12 / 10 / 8,558,"27,612","13,335","27,630","12,903",0,"4,878",352,2,"436,843"
93,Hou Yi,19,7 / 9 / 6,591,"19,413","9,538","20,330","8,434",0,"3,247","4,170",4,"418,205"
94,Cupid,20,16 / 3 / 9,637,"32,702","22,914","26,369","10,351","5,523","14,910","9,347",6,"559,766"
95,Apollo,20,20 / 5 / 5,645,"34,453","23,201","30,257","13,322",0,"11,457","6,020",11,"775,094"
96,Cupid,20,7 / 3 / 8,581,"22,317","14,541","17,801","8,005","2,702","8,364","3,030",6,"423,654"
97,Apollo,20,3 / 1 / 14,691,"18,237","12,992","16,614","7,487",0,"8,635","9,888",4,"486,814"
98,Anhur,20,12 / 3 / 14,629,"27,645","16,623","22,705","8,545",0,"9,357","4,669",8,"490,734"
99,Cupid,20,6 / 7 / 3,559,"14,860","8,546","19,605","5,789",888,"3,517","1,252",8,"400,915"
100,Hou Yi,20,3 / 3 / 4,504,"12,280","6,162","14,320","6,379",0,835,"1,632",7,"510,732"
101,Izanami,20,6 / 9 / 7,568,"26,693","15,557","25,214","8,935",0,"2,948","3,638",9,"473,983"
102,Ullr,18,7 / 5 / 5,577,"13,652","5,756","14,739","5,610",0,"1,372","6,504",7,"418,444"
103,Apollo,20,9 / 3 / 7,649,"30,653","21,032","24,461","10,633",0,"7,948","7,900",7,"549,233"
104,Cernunnos,20,6 / 5 / 10,627,"14,237","6,934","17,689","7,440",0,"5,042","4,195",7,"460,612"
105,Isis,17,7 / 12 / 6,513,"20,890","2,383","25,695","11,609","2,523","5,935",0,5,"416,785"
106,Neith,20,8 / 1 / 13,622,"22,553","9,530","22,197","9,598",0,"10,971","5,727",4,"553,660"
107,Izanami,20,4 / 6 / 9,631,"24,255","13,381","20,211","7,697",0,"2,951","4,519",8,"594,609"
108,Cupid,12,8 / 0 / 0,669,"7,567","4,470","4,236","1,364",73,"1,861","1,222",2,"166,134"
109,Chiron,20,6 / 3 / 17,548,"50,660","28,496","41,129","20,240","1,258","21,879","5,729",16,"802,835"
110,Anhur,19,5 / 2 / 12,591,"18,011","7,961","12,877","5,064",0,"1,125","2,763",5,"386,130"
111,Ullr,19,12 / 3 / 13,655,"24,558","11,351","13,593","5,660",0,"2,889","5,052",8,"405,018"
112,Apollo,20,11 / 4 / 7,624,"23,156","12,961","18,418","7,994",0,"5,620","2,500",8,"493,005"
113,Ullr,20,18 / 1 / 7,649,"38,682","22,980","20,990","9,626",0,"8,788","7,671",8,"508,588"
114,Fenrir,20,12 / 8 / 12,585,"25,853","9,373","38,782","41,295",0,"14,264","1,177",9,"723,422"
115,Thanatos,20,9 / 5 / 4,568,"15,007","5,980","18,648","7,505",0,"17,450",734,6,"546,698"
116,Isis,14,2 / 8 / 2,480,"9,789",664,"15,068","5,893",727,"4,228",0,4,"322,175"
117,Anhur,16,3 / 7 / 2,509,"8,616","2,792","13,056","3,806",0,842,"1,142",4,"329,994"
118,Medusa,16,1 / 7 / 4,508,"5,917","3,042","13,679","4,760",0,"2,762",0,4,"346,913"
119,Ullr,20,8 / 0 / 9,672,"10,216","4,310","9,798","4,017",0,"1,674","5,099",4,"432,994"
120,Izanami,20,17 / 5 / 9,664,"42,847","27,210","30,800","13,260",0,"9,392","12,514",8,"671,755"
121,Skadi,20,10 / 6 / 3,553,"20,804","9,413","15,375","6,561",0,"1,311","1,581",7,"420,512"
122,Apollo,20,13 / 8 / 5,544,"30,917","22,003","27,341","12,583",0,"4,863","5,121",4,"630,513"
123,Apollo,20,9 / 3 / 8,605,"20,494","15,205","14,101","6,033",0,"3,586","3,943",4,"468,932"
124,Isis,20,8 / 9 / 11,491,"25,820","1,241","29,582","13,190",647,"8,846",0,9,"595,992"
125,Medusa,11,1 / 4 / 2,506,"7,126","3,966","7,561","2,286",0,747,0,4,"231,963"
126,Anhur,20,6 / 8 / 12,585,"20,975","11,487","20,685","8,646",0,"4,886","5,528",6,"440,673"
127,Apollo,19,7 / 1 / 8,650,"18,752","12,414","12,993","5,704",0,"5,981","3,040",3,"454,253"
128,Isis,20,13 / 3 / 12,645,"21,875","2,594","16,388","6,408","1,441","8,025","1,525",7,"450,496"
129,Ra,20,9 / 1 / 14,629,"24,309","2,038","18,868","10,989","10,597","12,770","3,026",1,"489,630"
130,Cupid,20,13 / 4 / 11,654,"33,988","19,688","25,606","12,158","2,417","15,156","9,557",6,"482,909"
131,Vamana,20,7 / 5 / 11,556,"30,668","18,274","37,506","26,195",0,"10,624","3,586",8,"811,372"
132,Sol,20,15 / 13 / 14,597,"61,379","29,085","55,342","20,999",0,"27,650","7,395",8,"649,989"
133,Ganesha,16,1 / 5 / 5,457,"8,949",513,"16,352","8,490",0,860,0,2,"392,873"
134,Anhur,20,11 / 7 / 8,550,"41,898","21,485","44,242","17,753",0,"18,941","5,036",12,"754,590"
135,Hachiman,20,8 / 4 / 7,689,"23,624","15,393","19,958","7,561",0,"8,621","6,845",3,"362,664"
136,Olorun,15,5 / 7 / 1,529,"9,959","4,821","13,494","5,090",0,"4,499",0,2,"277,305"
137,Rama,20,13 / 7 / 13,577,"30,413","25,237","26,097","7,236",0,"11,190","6,273",4,"390,390"
138,Hou Yi,11,5 / 2 / 3,678,"6,892","3,655","6,269","1,719",0,"1,035",465,2,"179,470"
139,Neith,20,6 / 6 / 9,532,"19,448","9,703","19,104","6,825",0,"6,163","4,264",7,"423,088"
140,Medusa,20,11 / 2 / 7,644,"19,422","9,377","16,448","6,698",0,"6,003","5,487",5,"482,178"
141,Ullr,20,8 / 6 / 2,582,"14,672","6,037","19,640","6,256",0,"1,186","3,116",5,"447,386"
142,Apollo,20,9 / 5 / 8,571,"29,837","20,637","27,921","13,252",0,"9,555","3,762",5,"537,365"
143,Ra,20,4 / 7 / 4,495,"23,179","1,211","25,897","10,627","4,245","7,552",565,8,"597,200"
144,Anhur,20,12 / 1 / 7,667,"20,862","10,476","15,347","6,880",0,"6,828","8,645",5,"389,845"
145,Scylla,20,11 / 4 / 5,668,"24,776","4,409","17,355","6,696",0,"4,574","3,158",8,"501,641"
146,Anubis,19,7 / 7 / 0,565,"14,000","1,029","16,922","8,926",0,"4,770",102,5,"341,961"
147,Freya,20,11 / 4 / 4,675,"27,177","11,687","21,894","7,656",0,"11,423","1,966",9,"387,963"
148,Isis,13,2 / 2 / 4,609,"5,234",619,"6,672","2,547",116,"2,665",789,3,"250,699"
149,Rama,20,6 / 8 / 5,524,"17,447","14,056","23,197","7,998",0,"4,771",476,2,"407,209"
150,Zhong Kui,20,16 / 2 / 11,662,"38,081","4,916","26,325","19,599",0,"12,890","6,258",9,"613,286"
151,Scylla,20,11 / 1 / 3,683,"18,855","2,674","10,532","3,522",0,"5,662","4,219",8,"417,136"
152,Apollo,20,10 / 0 / 3,666,"17,705","9,672","13,345","5,285",0,"5,195","7,508",4,"431,827"
153,Zhong Kui,20,5 / 10 / 11,496,"26,636","1,057","35,621","19,736",0,"5,184",273,5,"529,745"
154,Ra,20,5 / 5 / 5,528,"25,877","1,528","20,126","7,932","3,999","6,308",515,7,"542,365"
155,Anhur,20,11 / 0 / 5,649,"18,834","10,583","17,816","7,517",0,"8,815","7,730",4,"449,038"
156,Janus,15,3 / 2 / 2,583,"5,648",0,"6,734","1,676",0,250,0,2,"327,620"
157,Merlin,20,4 / 2 / 9,630,"19,222",722,"12,635","5,070",0,"7,830","4,204",8,"422,709"
158,Agni,20,9 / 3 / 3,566,"26,864","2,034","17,538","4,738",0,"5,325",878,8,"428,119"
159,Isis,20,10 / 1 / 5,672,"20,277","2,703","13,674","4,975","1,685","7,625","5,013",6,"413,152"
160,Cupid,19,8 / 0 / 10,666,"19,679","12,609","15,431","6,937","1,642","11,446","8,703",4,"372,449"
161,Anubis,18,7 / 8 / 3,508,"14,521",280,"16,510","5,678",0,"5,597",200,4,"381,855"
162,Hercules,18,3 / 8 / 11,389,"18,334","3,018","36,083","29,006",0,"14,273",0,8,"654,000"
163,Ne Zha,20,3 / 0 / 11,596,"12,242","2,886","23,097","22,050",0,"11,134","1,321",11,"689,794"
164,Medusa,20,9 / 4 / 7,583,"51,881","21,766","39,389","24,138",0,"17,335","5,032",17,"988,383"
165,Scylla,20,5 / 3 / 6,543,"21,668","2,565","16,100","4,552",0,"6,185",678,10,"499,692"
166,Apollo,20,6 / 5 / 8,673,"20,539","14,358","16,302","5,187",0,"4,277","6,002",5,"482,005"
167,Fenrir,20,6 / 10 / 8,452,"26,585","10,278","49,279","43,181",0,"9,234",682,5,"835,292"
168,Xbalanque,17,4 / 0 / 3,580,"5,788","2,440","8,554","3,022",0,"2,084",206,2,"367,989"
169,Chang'e,20,6 / 7 / 5,578,"18,789","1,524","21,272","7,503","2,455","8,948","1,441",5,"492,985"
170,Nike,19,2 / 1 / 5,613,"8,971","1,663","10,894","7,423",0,500,"2,323",5,"479,623"
171,Skadi,20,11 / 8 / 5,542,"33,441","14,774","25,791","7,115",0,"1,125","1,118",2,"598,019"
172,Neith,16,3 / 0 / 6,652,"9,559","4,810","5,058","1,834",0,"2,519","2,673",3,"259,121"
173,Cupid,20,6 / 5 / 10,601,"29,506","14,811","20,265","7,902","1,427","11,000","5,283",7,"466,670"
174,Chiron,20,13 / 12 / 12,499,"45,942","24,222","40,816","14,270","2,102","13,423",886,11,"647,042"
175,Apollo,20,3 / 4 / 1,508,"15,706","9,669","17,876","6,120",0,"3,673","2,651",5,"501,682"
176,Hou Yi,19,6 / 2 / 9,587,"16,120","8,290","9,844","4,296",0,"2,017","3,274",3,"404,387"
177,Ullr,20,13 / 9 / 3,591,"23,719","11,271","27,841","9,349",0,"4,501","2,574",5,"557,366"
178,Kukulkan,20,9 / 5 / 6,592,"24,393","3,270","15,087","6,010",0,270,680,6,"505,285"
179,Nu Wa,14,3 / 4 / 2,552,"6,904",995,"6,246","1,490",0,250,638,4,"245,072"
180,Jing Wei,14,2 / 6 / 2,482,"6,702","4,599","12,601","2,839",0,"1,465",0,2,"337,696"
181,Medusa,20,13 / 5 / 12,631,"47,094","24,241","23,548","9,455",0,"10,751","5,086",8,"529,165"
182,Chiron,6,0 / 0 / 1,705,"1,876",968,"1,853",236,110,"1,436",0,2,"94,301"
183,Apollo,20,16 / 0 / 5,757,"21,684","12,311","8,822","3,808",0,"4,220","7,812",6,"404,782"
184,Athena,17,4 / 1 / 17,587,"11,539","5,015","15,760","12,159",0,"2,682",560,7,"485,625"
185,Medusa,20,4 / 5 / 8,511,"33,957","17,341","31,422","13,583",0,"6,078",779,8,"597,935"
186,Isis,15,2 / 9 / 6,481,"16,040","1,699","17,348","5,515",889,"4,847",297,6,"338,239"
187,Apollo,20,10 / 11 / 16,573,"37,985","26,180","50,064","16,246",0,"22,898","3,690",11,"843,507"
188,Rama,20,6 / 4 / 3,513,"29,297","23,869","27,942","10,149",0,"12,261",932,9,"445,731"
189,Thanatos,20,33 / 10 / 8,636,"43,981","16,263","45,794","35,813",0,"42,248","2,159",14,"850,790"
190,Cupid,20,9 / 8 / 11,508,"37,177","17,324","35,367","13,989",280,"13,660","1,140",8,"603,270"
191,Apollo,20,13 / 1 / 15,685,"30,377","21,735","27,916","13,334",0,"22,208","14,608",8,"526,729"
192,Ullr,20,18 / 5 / 5,648,"27,061","15,022","19,850","6,505",0,"10,484","8,154",3,"394,944"
193,Zeus,16,9 / 1 / 1,727,"7,719","1,713","4,832","1,583",0,"3,001","1,595",4,"268,999"
194,Chernobog,20,9 / 5 / 21,528,"34,329","22,176","33,481","12,973",0,"3,704","6,411",5,"567,188"
195,Cerberus,20,9 / 12 / 14,511,"29,269",853,"39,807","19,282",0,"10,378","2,628",6,"632,551"
196,Ganesha,12,0 / 11 / 2,451,"7,497",281,"15,394","4,984",0,645,0,0,"290,163"
197,Hachiman,20,14 / 1 / 7,649,"20,701","11,122","13,836","6,195",0,"6,420","9,092",4,"391,412"
198,Camazotz,20,16 / 4 / 12,588,"38,552","12,995","41,346","36,924",0,"23,485","1,488",7,"585,835"
199,Cupid,20,8 / 2 / 7,616,"32,387","16,129","18,080","7,166","1,572","10,575","7,343",5,"441,221"
200,Izanami,19,4 / 6 / 8,574,"16,202","9,311","20,943","7,544",0,"3,013","2,906",3,"376,376"
201,Fenrir,20,14 / 11 / 12,576,"43,203","19,382","43,127","25,865","1,891","14,739","6,382",4,"657,550"
202,Terra,20,7 / 9 / 25,510,"67,366","6,109","62,210","69,386","6,752","20,223",538,4,"866,468"
203,Khepri,19,3 / 2 / 12,542,"8,464","1,273","14,982","7,064",0,"2,321",0,4,"485,845"
204,Ares,15,5 / 8 / 3,478,"9,324",590,"21,513","7,804",0,"3,593",0,3,"415,830"
205,Arachne,20,19 / 7 / 9,636,"49,607","28,094","54,531","51,035",0,"28,641","5,747",7,"863,515"
206,Apollo,10,2 / 3 / 1,534,"6,751","4,094","7,850","2,523",0,915,0,2,"255,855"
207,Cupid,20,12 / 5 / 7,637,"25,635","14,980","24,874","8,786","1,894","14,145","5,575",7,"458,813"
208,Arachne,20,10 / 6 / 3,535,"23,636","14,521","28,297","12,558",0,"10,942",503,3,"553,829"
209,Xbalanque,20,12 / 10 / 14,677,"41,277","22,383","29,623","12,989",0,"10,469","7,841",8,"535,332"
210,Set,20,14 / 8 / 12,539,"47,933","24,031","44,215","44,215",0,"6,857","1,587",7,"884,183"
211,Isis,20,6 / 7 / 9,503,"18,052","1,482","19,573","9,962","3,330","7,448",0,10,"531,837"
212,Scylla,20,8 / 4 / 3,496,"20,302","2,266","19,230","5,793",0,"6,007",92,11,"636,853"
213,Agni,20,13 / 8 / 11,580,"36,126","3,750","25,951","10,801",256,"9,931","2,820",7,"464,598"
214,Scylla,20,30 / 5 / 8,631,"81,550","11,321","41,178","16,854",0,"22,377","7,538",10,"859,370"
215,Isis,20,6 / 3 / 13,496,"25,588","1,930","19,857","7,935","5,019","6,603",206,7,"601,507"
216,Neith,20,4 / 5 / 10,458,"29,449","11,767","20,281","7,923",0,"3,900",975,11,"591,622"
217,Apollo,20,19 / 0 / 3,776,"24,476","15,643","13,100","5,712",0,"8,358","3,445",5,"435,542"
218,Horus,20,15 / 0 / 9,652,"17,595","7,324","13,811","7,431","3,334","8,328","1,484",5,"474,622"
219,The Morrigan,19,5 / 6 / 4,520,"13,232","2,691","12,287","4,142",0,250,0,4,"419,319"
220,Anhur,16,1 / 7 / 7,476,"10,020","4,095","13,907","4,008",0,"1,688",0,3,"347,254"
221,Discordia,16,5 / 1 / 2,624,"10,427",781,"8,137","2,913",0,"4,237",510,2,"316,717"
222,Ah Muzen Cab,14,5 / 4 / 2,655,"9,155","3,760","8,987","2,853",0,"1,926","1,425",2,"249,308"
223,Chernobog,17,3 / 5 / 12,540,"20,914","11,414","15,488","5,338",0,"5,186","2,922",6,"454,575"
224,Apollo,20,17 / 7 / 15,662,"39,129","22,340","39,308","22,631",0,"19,745","9,060",9,"662,293"
225,Cupid,20,23 / 2 / 3,726,"30,306","17,807","20,491","8,388","1,816","12,151","5,987",3,"398,668"
226,Bacchus,10,2 / 0 / 7,649,"4,223",783,"4,372","2,211",0,"1,637",0,0,"220,546"
227,Anubis,19,14 / 1 / 11,646,"22,901","2,082","16,278","7,323",0,"11,712",752,4,"359,868"
228,Agni,20,15 / 2 / 7,671,"24,240","3,318","12,866","5,420",0,"6,167","2,854",6,"391,829"
229,Scylla,20,4 / 2 / 9,609,"22,423","3,711","12,703","3,674",0,"6,935","2,668",7,"476,093"
230,Raijin,16,3 / 4 / 5,467,"9,591","1,410","12,910","4,419",0,250,52,5,"389,799"
231,Medusa,20,6 / 7 / 5,532,"24,844","15,564","20,203","9,080",0,"4,039","3,024",8,"491,453"
232,Ra,20,7 / 6 / 10,542,"30,668","2,740","27,740","17,722","15,073","11,431","3,664",11,"884,500"
233,Nox,20,7 / 7 / 12,493,"29,868","2,228","21,447","7,698",0,"2,312",895,10,"840,563"
234,Isis,17,5 / 1 / 7,647,"9,238","1,643","6,358","2,268","2,130","2,812","2,197",5,"322,398"
235,Camazotz,20,15 / 5 / 10,627,"29,733","9,791","27,737","15,342",0,"16,683","1,933",3,"546,257"
236,He Bo,20,10 / 4 / 9,606,"30,344","1,996","17,462","7,019",0,"5,350","2,115",8,"481,744"
237,Kukulkan,20,10 / 2 / 12,608,"35,504","3,664","11,978","5,835",0,"2,110","4,453",7,"557,747"
238,Thanatos,20,14 / 0 / 6,673,"16,702","6,286","13,900","6,705",0,"17,370",832,5,"554,314"
239,Cupid,20,7 / 2 / 9,635,"24,340","12,172","14,812","5,392","1,168","6,853","4,069",8,"363,023"
240,Raijin,20,7 / 4 / 5,543,"18,735","2,490","18,631","6,579",0,"4,301",682,7,"435,796"
241,Camazotz,20,36 / 3 / 10,761,"46,401","18,199","42,027","17,388",0,"32,312","6,833",5,"641,824"
242,Athena,20,7 / 12 / 23,473,"28,015","11,309","43,531","55,590",0,"1,685",104,9,"856,554"
243,Ne Zha,20,11 / 6 / 26,577,"44,570","14,136","61,187","96,411",0,"24,796","3,563",13,"877,223"
244,Zeus,12,8 / 1 / 3,706,"6,966","2,484","5,421","1,357",0,"2,345",704,4,"162,320"
245,Artio,20,17 / 9 / 9,594,"37,240","3,961","46,121","16,386","2,122","14,197",522,10,"756,398"
246,Loki,20,24 / 1 / 14,708,"24,858","12,676","17,807","8,063",0,"3,531","3,450",5,"489,977"
247,Agni,20,8 / 3 / 8,549,"26,285","1,938","14,609","5,715",0,"5,314","1,834",9,"478,201"
248,Neith,18,8 / 1 / 8,614,"19,859","9,207","11,252","3,710",0,"6,015","1,796",5,"385,331"
249,Zhong Kui,20,7 / 6 / 11,544,"32,411","2,592","28,034","25,744",0,"10,307","3,336",9,"724,572"
250,Ra,15,2 / 6 / 2,506,"12,521","1,857","13,123","4,385","1,644","3,343",0,4,"355,994"
251,Cerberus,18,5 / 5 / 23,578,"17,801","1,081","25,835","27,409",0,"10,774",370,1,"426,163"
252,Anhur,18,10 / 5 / 9,633,"18,686","7,858","24,629","9,720",0,"1,690",629,6,"454,607"
253,Erlang Shen,18,12 / 6 / 10,652,"19,050","9,422","22,855","11,647",0,"6,163",199,6,"524,749"
254,Kumbhakarna,20,6 / 12 / 7,460,"17,274","1,237","41,056","16,637",0,"2,592",0,4,"605,436"
255,Camazotz,20,7 / 13 / 9,452,"27,448","9,717","57,224","38,044",0,"18,571",0,5,"672,297"
256,Scylla,19,8 / 4 / 5,530,"17,362","2,067","12,181","3,838",0,"3,918",189,5,"467,470"
257,Zeus,17,5 / 8 / 1,511,"11,663","1,888","14,691","7,132",0,"2,792",0,4,"346,233"
258,Poseidon,20,19 / 5 / 6,717,"45,956","7,954","19,621","7,951",0,"2,178","2,804",10,"759,038"
259,Isis,20,9 / 5 / 14,632,"24,802","3,396","17,886","7,170","1,151","6,791","4,227",8,"472,868"
260,Scylla,19,5 / 8 / 10,567,"22,367","2,303","19,118","6,819",0,"6,006",891,4,"433,382"
261,Chernobog,20,7 / 7 / 7,543,"35,624","21,115","32,802","15,551",0,"7,455","4,805",9,"644,482"
262,Vamana,20,15 / 5 / 3,613,"36,091","20,333","33,822","26,492",0,"8,739","2,432",3,"766,419"
263,Horus,20,2 / 4 / 20,450,"21,820","9,450","45,063","43,390","11,500","16,194","1,126",8,"708,100"
264,King Arthur,20,5 / 8 / 4,463,"26,360","2,799","35,432","34,454",0,"7,465",855,2,"512,907"
265,Khepri,14,3 / 1 / 13,555,"12,630","1,332","9,442","4,541",0,250,0,3,"308,941"
266,Kali,20,17 / 7 / 12,673,"38,441","24,278","39,477","22,335",0,"20,485","1,632",5,"615,993"
267,Chang'e,20,11 / 2 / 11,642,"26,225","2,301","19,583","7,372","11,812","11,415","2,778",4,"497,663"
268,Apollo,20,11 / 9 / 12,641,"31,307","16,791","28,949","11,124",0,"10,781","10,108",5,"685,546"
269,Zhong Kui,20,3 / 4 / 10,560,"20,662","2,403","13,359","9,574",0,"4,669","3,536",6,"492,941"
270,Hades,20,4 / 7 / 8,580,"17,518","1,871","22,744","15,328","2,307","9,088","1,323",5,"468,568"
271,Ullr,19,13 / 0 / 10,719,"27,293","11,327","13,303","5,487",0,"6,676","2,778",5,"392,354"
272,King Arthur,19,5 / 13 / 6,465,"16,677","2,952","29,973","13,648",0,426,360,0,"467,226"
273,Rama,20,4 / 14 / 2,455,"16,233","11,517","27,302","5,678",0,"4,314","1,305",5,"409,359"
274,Janus,20,10 / 2 / 9,584,"26,906","2,636","19,521","6,745",0,"6,257","1,119",9,"697,025"
275,Apollo,20,20 / 1 / 6,729,"33,680","23,665","18,918","9,029",0,"12,440","13,102",2,"441,021"
276,Sun Wukong,20,16 / 4 / 19,649,"27,874","5,684","38,377","34,419",0,"17,753","1,100",6,"584,298"
277,Horus,17,10 / 2 / 20,640,"14,218","5,477","16,597","12,624","6,284","7,065",81,6,"408,667"
278,Olorun,20,25 / 2 / 8,708,"41,637","22,755","25,690","12,023","4,726","18,023","8,478",8,"489,595"
279,Tyr,15,10 / 3 / 2,642,"14,095","2,514","14,574","5,413",0,"7,795",0,3,"325,169"
280,Hercules,13,5 / 7 / 4,494,"14,208","5,214","24,649","11,217",0,"7,285",0,2,"387,055"
281,Sun Wukong,20,19 / 0 / 8,667,"43,068","13,935","33,648","40,054",0,"24,455","2,614",3,"494,383"
282,Nox,20,14 / 5 / 7,629,"26,985","1,619","16,713","5,236",0,500,"1,587",6,"468,460"
283,Isis,20,9 / 16 / 11,475,"26,610","3,068","33,575","23,957","1,220","6,856",379,5,"513,387"
284,Ganesha,20,1 / 12 / 10,461,"15,101","2,863","42,221","17,915",0,"6,129","2,085",1,"569,776"
285,Skadi,20,7 / 13 / 5,550,"27,351","13,306","29,203","13,094",0,"3,031",456,6,"412,157"
286,Nemesis,19,8 / 7 / 4,528,"26,178","12,984","24,819","11,627",0,"5,362",14,1,"527,991"
287,Thoth,15,7 / 6 / 4,582,"10,672",970,"10,162","2,910",0,500,343,3,"308,456"
288,Susano,20,14 / 9 / 7,587,"33,406","8,512","30,384","14,532",0,"4,725","3,003",2,"644,953"
289,Anhur,20,12 / 4 / 8,622,"42,793","29,256","30,130","11,081",0,"7,244","4,910",4,"608,781"
290,Loki,20,7 / 8 / 2,594,"18,805","7,069","25,528","8,457",0,"4,285","1,729",0,"627,057"
291,Ratatoskr,17,22 / 3 / 12,689,"24,823","11,253","21,197","8,995",0,"7,794","1,748",5,"407,170"
292,Nu Wa,20,11 / 3 / 13,581,"43,994","7,484","19,565","7,317",876,"4,468","2,417",5,"625,555"
293,Vulcan,18,5 / 3 / 2,509,"15,531","4,294","11,064","4,893",0,180,0,7,"449,957"
294,Fafnir,20,8 / 5 / 9,598,"18,287",744,"22,235","14,435",0,"4,975","1,455",4,"452,205"
295,Poseidon,20,10 / 7 / 6,546,"21,623","2,519","18,125","5,600",0,182,0,8,"647,445"
296,Kali,20,13 / 2 / 8,666,"27,107","15,644","23,933","11,297",0,"12,758","3,414",5,"558,550"
297,Cerberus,20,11 / 6 / 17,528,"37,672","1,455","29,661","8,511",0,"10,002","1,501",5,"650,223"
298,Raijin,14,2 / 13 / 4,410,"6,883","1,216","22,257","5,558",0,"1,275",0,3,"341,138"
299,Horus,15,1 / 3 / 7,460,"6,712","3,073","19,543","11,762","2,946","6,342",0,5,"447,271"
300,Apollo,20,13 / 8 / 6,608,"28,018","18,041","26,940","9,596",0,"6,359",765,2,"492,937"
301,Ravana,20,9 / 3 / 3,592,"20,504","6,958","16,475","11,732",0,"4,867",205,6,"554,057"
302,Medusa,20,10 / 7 / 11,599,"31,925","18,112","28,073","10,945",0,"8,137","5,009",8,"530,875"
303,Ah Muzen Cab,18,1 / 7 / 4,466,"17,829","5,116","17,490","5,047",0,"3,406",0,2,"439,479"
304,Fenrir,20,13 / 5 / 10,582,"27,429","10,943","22,628","9,873",0,"8,506","3,255",1,"498,044"
305,Zhong Kui,20,16 / 0 / 8,721,"24,419","4,786","18,950","10,950",0,"16,407","3,391",5,"457,069"
306,Discordia,20,10 / 2 / 7,609,"35,049","3,763","16,805","6,197",0,"7,762","2,986",3,"460,825"
307,Medusa,20,7 / 14 / 12,544,"44,272","24,312","41,144","15,193",0,"11,141","6,427",9,"734,264"
308,Scylla,6,0 / 0 / 0,690,0,0,"1,806",306,0,"1,012",0,1,"92,077"
309,Loki,20,10 / 9 / 6,556,"24,683","9,305","25,193","8,533",0,744,"4,170",5,"603,623"
310,Odin,20,11 / 9 / 11,524,"21,400","6,691","45,854","16,111",0,"3,829","5,541",7,"926,924"
311,Thoth,10,5 / 3 / 2,634,"5,284",805,"5,597","1,618",0,560,"1,095",2,"183,766"
312,Ah Puch,20,11 / 10 / 1,565,"25,479",653,"20,860","6,504",0,"2,119","1,035",2,"375,291"
313,Fenrir,20,3 / 3 / 9,596,"16,068","6,805","24,399","14,147",0,"11,819","2,108",8,"664,016"
314,Isis,16,10 / 1 / 8,681,"12,009","1,732","8,759","3,120","1,705","4,315","1,517",5,"309,574"
315,Susano,14,5 / 3 / 3,535,"11,418","2,769","12,032","3,584",0,"2,451",0,2,"357,870"
316,Artio,16,5 / 7 / 5,507,"18,972","2,227","28,189","12,737","1,858","12,074",0,0,"426,871"
317,Vamana,20,9 / 4 / 12,542,"26,991","13,957","33,561","33,500",0,"8,294",362,5,"788,367"
318,Apollo,20,6 / 1 / 9,647,"14,679","8,255","14,273","4,966",0,"6,199","3,945",9,"474,205"
319,Ullr,13,7 / 5 / 3,588,"8,443","3,858","8,560","2,421",0,631,0,2,"246,802"
320,Chiron,20,6 / 9 / 16,596,"35,001","14,885","32,599","17,507","1,012","12,422","4,653",6,"574,359"
321,Scylla,17,6 / 4 / 13,572,"13,135","2,137","11,756","4,144",0,"3,526","1,122",1,"326,770"
322,Chang'e,20,9 / 8 / 10,565,"21,889","1,434","20,207","5,913","5,256","8,392","1,427",3,"432,989"
323,Ullr,19,6 / 6 / 5,519,"18,180","7,612","16,519","7,396",0,"3,474",0,2,"403,935"
324,Arachne,20,14 / 5 / 13,723,"31,137","17,683","28,955","15,572",0,"15,996","1,615",7,"556,679"
325,Pele,19,11 / 6 / 7,647,"22,219","6,356","21,744","8,419",0,"9,599",680,2,"433,604"
326,Kukulkan,20,5 / 5 / 10,537,"21,758","2,256","19,126","13,796",0,"6,620","1,119",4,"525,660"
327,Nike,20,10 / 3 / 10,667,"18,694","7,859","20,439","23,197",0,"5,909","3,579",3,"460,742"
328,Kuzenbo,20,2 / 4 / 16,535,"17,394","4,127","22,361","22,192",0,"6,376",331,3,"595,977"
329,Anhur,17,1 / 5 / 7,478,"12,349","5,515","14,745","4,750",0,"2,157","2,713",6,"408,102"
330,Izanami,14,5 / 0 / 5,639,"7,695","3,904","6,071","1,677",0,"1,349","1,178",6,"263,504"
331,Medusa,20,9 / 8 / 4,519,"25,958","13,653","22,150","9,399",0,"4,914",696,8,"501,955"
332,Chernobog,14,5 / 10 / 2,529,"10,381","6,740","14,813","5,452",0,"1,094",0,2,"316,646"
333,Medusa,20,11 / 2 / 4,663,"20,732","9,448","19,514","9,515",0,"7,388","7,661",6,"455,506"
334,Thor,20,7 / 4 / 6,584,"18,060","3,014","20,504","7,829",0,"2,812",0,4,"481,030"
335,Discordia,20,15 / 2 / 12,618,"37,803","3,253","20,434","7,506",0,"9,332","1,317",4,"516,250"
336,Chernobog,8,0 / 5 / 1,498,"2,785","1,717","5,917","1,366",0,910,0,0,"181,387"
337,Thoth,20,11 / 4 / 8,621,"26,802",900,"16,626","5,755",0,"1,349",949,9,"596,135"
338,Olorun,20,12 / 6 / 9,588,"34,643","19,460","26,945","12,190","2,733","9,498","8,294",2,"439,317"
339,Scylla,20,13 / 2 / 10,629,"37,005","4,209","18,263","7,504",0,"9,658","3,695",8,"618,298"
340,Hou Yi,17,3 / 9 / 2,525,"15,608","8,986","17,877","5,842",0,"1,730",0,2,"314,602"
341,Artemis,19,7 / 11 / 9,519,"27,722","15,353","22,046","5,541",0,"3,327",0,5,"340,301"
342,Baron Samedi,20,14 / 7 / 14,595,"52,631","2,469","45,213","19,655","6,533","17,887","4,284",9,"1,113,461"
343,Ra,20,11 / 3 / 13,699,"21,661","4,048","16,507","6,566","7,354","9,350","4,526",7,"462,777"
344,Ao Kuang,20,14 / 7 / 7,597,"39,359","9,774","37,808","17,221",0,"19,110","3,235",7,"686,226"
345,Ullr,20,5 / 8 / 2,502,"12,645","4,808","19,666","7,643",0,"1,346",591,6,"501,391"
346,Apollo,20,7 / 10 / 14,548,"41,289","21,896","34,697","17,926",0,"7,691","1,623",10,"723,074"
347,Medusa,17,7 / 2 / 9,623,"17,006","9,450","12,112","4,299",0,"4,453","1,712",6,"361,940"
348,Hou Yi,20,14 / 4 / 5,645,"25,188","11,315","19,634","8,238",0,"4,193","7,248",7,"445,534"
349,Rama,20,7 / 9 / 9,604,"15,484","10,261","24,123","7,252",0,"5,699","4,907",3,"405,557"
350,Olorun,20,10 / 15 / 11,582,"38,971","19,411","41,531","14,948",559,"15,722","2,151",3,"506,127"
351,Rama,20,3 / 5 / 18,582,"21,220","16,665","23,328","8,019",0,"9,306","5,176",4,"459,634"
352,Ah Muzen Cab,19,2 / 4 / 8,619,"13,983","5,936","19,434","10,399",0,"8,867","4,203",4,"404,616"
353,Ratatoskr,20,14 / 3 / 14,632,"23,091","6,478","26,423","26,251",0,"9,205","1,757",6,"721,754"
354,Raijin,20,11 / 4 / 11,724,"19,158","1,751","15,210","5,453",0,"5,928","2,634",4,"343,693"
355,Arachne,20,13 / 1 / 5,687,"18,160","11,803","13,732","6,774",0,"8,684","1,351",3,"494,565"
356,Nox,17,7 / 3 / 1,559,"13,726","1,909","11,004","3,254",0,292,0,3,"404,484"
357,Neith,20,14 / 6 / 22,605,"47,388","20,893","32,568","14,305",0,"12,886","7,426",10,"725,769"
358,Apollo,20,16 / 3 / 7,671,"28,731","17,576","19,875","9,268",0,"10,415","8,479",5,"559,700"
359,Anhur,20,3 / 7 / 2,511,"10,597","5,427","18,844","6,543",0,"3,002",414,2,"398,282"
360,Serqet,20,13 / 4 / 11,623,"24,989","2,980","27,497","19,732",0,"7,221","3,550",12,"809,915"
361,Chernobog,20,21 / 8 / 9,670,"45,903","27,522","32,921","16,800",0,"10,997","7,783",6,"604,199"
362,Thanatos,20,14 / 11 / 9,579,"29,276","11,744","34,564","25,457",0,"26,970","3,489",8,"712,049"
363,Discordia,19,2 / 6 / 7,490,"10,845",989,"12,950","5,307",0,626,"1,144",4,"432,645"
364,Medusa,20,11 / 7 / 8,606,"24,274","12,000","24,455","9,967",0,"5,960","5,564",10,"471,988"
365,Kukulkan,20,7 / 7 / 6,517,"27,024","2,437","18,402","8,703",0,"1,716",75,5,"529,372"
366,Ra,20,3 / 10 / 16,518,"22,798","2,044","27,951","11,934","6,210","7,010",0,7,"575,268"
367,Apollo,20,8 / 1 / 9,674,"19,015","12,442","18,323","7,370",0,"9,249","5,550",7,"506,060"
368,Ullr,13,7 / 2 / 4,715,"7,711","2,083","5,117","1,312",0,738,688,5,"227,979"
369,Merlin,19,3 / 2 / 2,473,"23,941",424,"15,971","7,213",0,"5,189",0,6,"456,474"
370,Zhong Kui,17,6 / 8 / 7,510,"17,982","2,085","18,508","9,865",0,"3,940",351,2,"362,880"
371,Ullr,20,12 / 5 / 8,614,"20,531","8,891","32,182","13,466",0,"15,103","12,790",8,"684,816"
372,Thoth,20,9 / 10 / 8,565,"51,111",901,"31,127","14,385",0,"5,674","2,745",9,"873,360"
373,Scylla,15,7 / 4 / 4,532,"12,145","1,212","11,257","2,710",0,"2,934",0,2,"322,091"
374,Athena,20,7 / 4 / 8,494,"19,781","7,578","37,553","34,239",0,"3,674",29,2,"695,512"
375,Isis,20,16 / 5 / 16,613,"35,204","5,616","23,799","10,821","1,293","3,804","1,791",3,"494,915"
376,Zeus,20,12 / 12 / 8,530,"35,754","9,762","29,189","8,691",0,"1,494","1,271",6,"530,621"
377,Ares,18,2 / 7 / 12,548,"16,799","1,408","18,934","17,899",0,"3,570",313,6,"475,485"
378,Arachne,20,12 / 3 / 7,659,"20,012","12,298","27,264","14,376",0,"14,178","5,561",5,"580,690"
379,Odin,20,5 / 3 / 8,519,"13,855","3,843","16,017","7,747",0,828,792,6,"543,019"
380,Anhur,19,6 / 6 / 14,642,"15,258","6,114","19,081","5,935",0,"5,390",760,6,"328,577"
381,Scylla,20,7 / 3 / 14,530,"26,971","2,733","14,906","5,772",0,"3,742",883,5,"527,885"
382,Ra,20,4 / 4 / 6,545,"20,408","1,406","11,529","4,983","8,308","4,117","1,672",1,"491,491"
383,Kukulkan,16,2 / 7 / 0,471,"11,566",416,"10,781","2,804",0,250,0,4,"356,021"
384,Rama,20,4 / 4 / 11,613,"13,768","10,191","16,073","5,004",0,"4,825","3,670",1,"412,525"
385,Merlin,20,6 / 5 / 3,528,"26,587",603,"22,997","8,930",0,"6,421",621,9,"563,990"
386,Skadi,20,13 / 7 / 13,599,"41,732","19,120","22,476","9,158",0,"4,599","12,054",5,"498,604"
387,Aphrodite,20,9 / 2 / 11,556,"25,961","3,632","20,590","9,262","7,379","14,571","1,106",1,"486,086"
388,Geb,20,7 / 6 / 5,504,"12,816","1,568","20,740","6,661",0,"5,381","1,277",4,"575,545"
389,Neith,20,6 / 1 / 7,564,"19,287","4,167","14,018","5,730",0,"5,468",124,8,"497,805"
390,Isis,20,11 / 6 / 16,617,"43,355","4,612","26,153","17,570","6,739","9,224","2,286",13,"750,331"
391,Cabrakan,20,9 / 5 / 9,613,"15,776","2,013","17,624","13,024",0,"1,522","1,855",5,"387,359"
392,Ra,20,8 / 5 / 15,525,"34,976","3,760","37,552","15,441","29,337","18,012","1,110",12,"1,066,682"
393,The Morrigan,20,10 / 3 / 11,643,"28,485","5,253","11,592","4,811",0,"4,897",151,4,"553,478"
394,Isis,20,11 / 4 / 10,614,"31,417","2,613","17,857","5,660","1,200","7,564",884,13,"661,654"
395,Nu Wa,20,8 / 7 / 15,571,"35,154","6,637","16,436","5,692",0,250,"2,369",7,"549,757"
396,Poseidon,20,4 / 4 / 12,615,"9,207","1,526","10,535","3,220",0,"1,591","3,219",6,"438,863"
397,Hel,19,10 / 5 / 4,605,"19,165","2,150","16,750","5,368","7,805","8,068",0,5,"375,818"
398,Pele,20,15 / 7 / 6,623,"33,924","8,353","39,172","27,353",0,"9,526","3,218",3,"534,160"
399,Ravana,18,12 / 2 / 3,653,"15,304","4,409","6,795","3,240",0,"1,878",255,4,"422,604"
400,Zeus,20,7 / 9 / 8,563,"21,973","2,301","18,950","6,586",0,"4,915",0,7,"434,152"
401,Poseidon,17,6 / 3 / 5,597,"16,052","2,111","9,878","3,926",0,"1,173","1,716",4,"395,702"
402,Ullr,20,10 / 5 / 12,555,"31,491","12,127","30,500","14,070",0,"5,800","3,246",7,"750,293"
403,Poseidon,20,5 / 9 / 11,514,"28,041","3,777","25,585","8,238",0,207,29,9,"798,212"
404,Poseidon,17,5 / 5 / 6,492,"13,515","1,529","12,593","2,917",0,250,0,5,"404,052"
405,He Bo,20,9 / 8 / 6,575,"26,490",341,"25,377","10,024",0,"7,351",0,9,"540,414"
406,Vulcan,20,5 / 2 / 3,629,"19,772","4,827","8,167","3,611",0,"2,023","2,572",6,"510,534"
407,Hel,20,7 / 8 / 18,534,"35,515",846,"35,564","28,566","27,454","17,436",955,4,"834,743"
408,Vamana,20,8 / 2 / 6,629,"22,599","10,947","18,060","13,045",0,"4,955","2,692",2,"449,728"
409,Merlin,20,13 / 6 / 6,561,"36,473","1,380","25,811","12,692",0,"6,805","1,606",10,"603,755"
410,Poseidon,20,8 / 2 / 5,709,"18,591","2,456","10,382","3,494",0,"1,776","2,281",6,"496,185"
411,Scylla,20,18 / 4 / 13,631,"40,901","5,547","22,851","9,812",0,"10,714","2,195",11,"784,377"
412,Agni,20,6 / 4 / 10,598,"18,803","2,179","22,067","7,630",0,"9,935","2,136",5,"549,091"
413,Sol,20,3 / 6 / 4,545,"16,111","6,716","19,168","6,237",0,"8,112","5,149",4,"423,842"
414,Sylvanus,20,9 / 5 / 6,559,"23,434","5,261","24,534","10,696","8,333","8,016","1,059",5,"567,721"
415,Bacchus,20,3 / 11 / 6,430,"15,603","1,251","23,535","13,383",0,"1,202",348,0,"464,046"
416,Ra,20,7 / 4 / 7,539,"19,852","1,561","19,279","10,791","5,416","8,219",0,7,"625,824"
417,Chiron,18,4 / 7 / 6,488,"13,405","6,527","18,112","6,662",701,"3,725","2,306",6,"428,610"
418,Anubis,10,6 / 4 / 2,658,"6,278",518,"5,437","2,450",0,"2,070",253,3,"158,844"
419,Anhur,20,7 / 10 / 13,537,"27,532","10,421","27,464","10,584",0,"5,205","2,206",9,"568,016"
420,Zeus,20,7 / 4 / 6,596,"22,551","2,279","15,952","6,712",0,"6,624","2,181",8,"459,707"
421,Fenrir,17,15 / 1 / 8,677,"13,586","4,238","13,724","7,612",0,"4,011",506,3,"387,404"
422,Rama,17,3 / 3 / 10,577,"8,927","7,625","12,238","4,208",0,"1,852","3,915",5,"368,609"
423,Chaac,17,2 / 8 / 5,486,"13,633","4,433","25,551","11,747",0,"9,148",730,4,"450,468"
424,Poseidon,20,11 / 12 / 5,540,"27,729","3,341","24,748","9,803",0,260,830,10,"716,398"
425,Scylla,17,5 / 7 / 2,521,"13,914","1,606","15,651","4,669",0,"3,495",0,3,"367,070"
426,Susano,20,4 / 4 / 11,550,"20,718","4,116","23,431","13,350",0,"5,617","2,540",7,"775,370"
427,Chaac,20,3 / 10 / 6,513,"22,005","6,079","29,184","24,245",0,"7,926",90,2,"544,717"
428,Chiron,20,13 / 3 / 5,646,"19,464","10,925","14,162","4,314",706,"7,061","5,268",6,"417,171"
429,Ratatoskr,20,14 / 5 / 8,663,"26,513","10,974","30,984","33,405",0,"6,763","1,126",6,"744,774"
430,Nu Wa,20,3 / 14 / 11,518,"36,719","3,849","31,409","11,364",36,"3,421","3,624",10,"614,783"
431,Chernobog,20,13 / 13 / 13,592,"40,895","25,696","42,367","17,069",0,"14,172","5,839",5,"740,915"
432,Anubis,20,13 / 14 / 7,528,"45,106","1,142","30,615","18,591",0,"7,954","1,139",11,"652,945"
433,Hercules,20,9 / 10 / 15,476,"29,917","9,876","47,080","28,992",0,"13,602",0,2,"697,498"
434,Ullr,18,9 / 3 / 2,541,"14,070","5,517","10,223","3,527",0,810,"1,611",3,"423,522"
435,Loki,9,1 / 8 / 1,419,"2,488",827,"9,776","2,555",0,"1,766",0,2,"305,836"
436,Arachne,20,6 / 5 / 12,570,"30,928","16,167","36,540","15,884",0,"16,556","3,129",4,"631,963"
437,Tyr,15,2 / 4 / 2,495,"9,859","1,947","17,871","13,793",0,"8,340",0,2,"369,215"
438,Hou Yi,20,13 / 3 / 5,663,"45,752","31,029","39,217","17,336",0,"24,987","12,618",8,"614,786"
439,Medusa,20,5 / 2 / 6,550,"23,033","12,737","19,218","7,875",0,"7,893","5,486",6,"527,825"
440,Nemesis,20,3 / 4 / 9,552,"14,047","5,216","18,131","8,055",0,"6,562","1,113",5,"550,828"
441,Rama,20,7 / 4 / 6,605,"17,983","13,680","15,084","5,470",0,"4,766","7,051",6,"396,433"
442,Bellona,20,5 / 0 / 7,612,"22,181","13,057","24,824","24,663",0,"17,814","4,210",5,"485,396"
443,Hades,20,8 / 7 / 6,503,"29,915","4,582","30,751","27,320","1,850","11,168",419,9,"590,087"
444,Arachne,20,23 / 5 / 7,639,"51,112","36,864","53,442","25,659",0,"24,633","4,054",8,"871,810"
445,Nox,19,5 / 8 / 2,456,"14,450","1,270","16,728","5,941",0,482,"1,868",4,"472,402"
446,Ullr,19,5 / 5 / 1,546,"16,904","7,170","17,307","6,767",0,956,"2,182",3,"434,906"
447,Chernobog,19,12 / 4 / 11,662,"22,720","12,520","14,495","5,155",0,"5,124","5,821",4,"434,565"
448,Anubis,18,10 / 0 / 5,663,"12,260",659,"9,487","4,274",0,"5,599","1,425",6,"357,802"
449,Zeus,18,5 / 2 / 4,680,"11,803","1,550","9,223","2,675",0,"4,297",705,4,"318,872"
450,Mercury,20,5 / 2 / 11,605,"14,292","6,341","17,086","5,885",0,"5,770","1,269",9,"680,465"
451,Jing Wei,20,8 / 6 / 12,596,"27,501","16,778","36,129","13,331",0,"9,070","9,415",10,"836,619"
452,Scylla,20,11 / 6 / 18,554,"32,294","4,991","24,475","10,166",0,"8,808","1,145",11,"583,315"
453,Baron Samedi,20,9 / 3 / 12,523,"32,309","2,133","22,411","15,838","8,718","8,204","2,929",7,"654,173"
454,Poseidon,20,12 / 6 / 6,612,"23,854","3,311","16,731","6,436",0,845,893,9,"501,758"
455,Izanami,20,9 / 2 / 9,699,"20,360","11,403","14,312","5,843",0,"6,654","6,668",8,"427,787"
456,Isis,17,10 / 3 / 7,703,"16,635","2,370","11,061","3,846",0,"3,361",697,5,"294,634"
457,Fenrir,16,6 / 1 / 5,593,"9,705","3,607","11,347","4,251",0,"5,958","1,722",3,"355,392"
458,Cupid,20,17 / 6 / 8,674,"51,340","28,536","34,149","14,044","3,150","18,668","6,752",6,"597,326"
459,Sobek,15,3 / 1 / 12,544,"9,557",830,"13,010","9,860",0,"4,041",0,2,"462,347"
460,Anubis,20,6 / 13 / 3,475,"27,985",317,"26,795","11,878",0,"6,932",393,8,"392,468"
461,Cerberus,20,13 / 5 / 11,579,"31,146","2,151","30,354","12,330",0,"8,264",605,2,"536,737"
462,King Arthur,13,2 / 2 / 0,570,"12,143","2,555","11,230","11,958",0,"4,056",355,1,"252,484"
463,Achilles,11,4 / 1 / 4,643,"4,903","1,542","7,283","4,035",0,"2,331",150,2,"247,374"
464,Loki,20,7 / 1 / 8,603,"27,887","13,717","26,214","9,862",0,"4,186","7,383",5,"766,117"
465,Scylla,11,5 / 0 / 6,695,"5,904","1,833","3,366",914,0,"2,508",184,5,"181,254"
466,Chronos,20,3 / 9 / 18,532,"36,595","18,597","44,777","25,093",0,"16,623","6,554",7,"676,724"
467,Jing Wei,17,6 / 1 / 6,648,"13,898","9,942","11,160","3,305",0,"1,969","4,864",6,"380,985"
468,Hades,20,5 / 10 / 7,497,"14,752","1,964","26,985","17,577",353,"8,015",0,6,"547,481"
469,The Morrigan,20,5 / 5 / 10,586,"15,846","2,314","12,509","5,030",0,"1,405",659,5,"473,733"
470,Nu Wa,18,10 / 0 / 7,695,"19,855","4,987","5,496","1,847",0,420,"3,160",7,"336,384"
471,Janus,20,5 / 6 / 3,565,"13,190",877,"19,263","6,459",0,250,0,10,"577,123"
472,Ymir,11,2 / 5 / 2,523,"3,737",723,"11,044","2,558",0,"1,935",0,0,"252,209"
473,Chiron,20,8 / 4 / 4,588,"22,312","12,019","19,583","8,421","1,017","5,963","2,933",8,"617,815"
474,Awilix,20,20 / 6 / 12,645,"43,215","20,203","30,196","12,637",0,"4,246","5,330",6,"776,767"
475,Anhur,18,5 / 4 / 1,489,"8,599","3,063","15,012","5,467",0,"2,284",93,4,"399,531"
476,Xing Tian,19,7 / 2 / 10,558,"14,131","1,919","28,990","29,608",0,"2,129",0,8,"573,091"
477,Neith,19,6 / 2 / 11,602,"12,527","4,142","9,417","3,723",0,"2,923","2,824",5,"404,210"
478,Anubis,20,14 / 6 / 8,580,"35,454","1,022","23,338","10,900",0,"7,869",52,11,"600,439"
479,Raijin,20,8 / 9 / 15,485,"29,440","1,957","28,563","13,779",0,205,751,13,"841,103"
480,Rama,20,20 / 9 / 17,604,"58,896","40,652","42,305","15,991",0,"19,523","12,224",17,"965,203"
481,Vulcan,20,8 / 9 / 12,537,"64,614","18,324","27,556","12,836",0,"5,756","3,117",13,"901,795"
482,Bakasura,20,15 / 4 / 6,634,"28,687","20,416","27,634","15,155",0,"12,691","3,653",8,"716,463"
483,Scylla,20,5 / 6 / 14,588,"18,479","2,326","14,487","5,520",0,"4,423","2,490",7,"444,867"
484,Apollo,20,8 / 7 / 10,587,"21,669","12,755","29,427","11,962",0,"9,812","9,511",5,"682,203"
485,Nox,12,3 / 1 / 0,570,"2,720",759,"3,783","1,377",0,390,0,2,"230,753"
486,Ah Muzen Cab,20,10 / 6 / 9,603,"24,633","10,694","21,958","11,274",0,"7,649","3,291",8,"461,494"
487,Ra,20,3 / 2 / 8,654,"17,370","1,996","10,792","5,096","7,583","5,975","2,099",7,"509,987"
488,Scylla,20,9 / 5 / 3,512,"20,996","2,744","19,608","7,749",0,"4,493",335,6,"526,926"
489,Isis,20,8 / 4 / 4,611,"18,250","2,296","14,498","6,462",995,"6,316",0,6,"487,462"
490,Chiron,17,3 / 9 / 6,531,"14,532","5,892","19,272","7,023",647,"3,689","2,706",2,"334,827"
491,Ullr,20,15 / 2 / 4,728,"24,851","10,525","14,357","6,418",0,"6,309","3,746",8,"391,963"
492,Kukulkan,20,11 / 10 / 9,551,"32,363","3,249","21,094","7,804",0,624,0,8,"573,957"
493,Isis,16,4 / 6 / 14,563,"15,087","2,701","12,152","3,313","1,664","3,869","1,140",2,"341,486"
494,Merlin,19,7 / 6 / 4,554,"20,291","1,637","15,171","4,673",0,"2,742",548,6,"392,086"
495,Agni,15,2 / 3 / 1,483,"7,523","1,112","7,480","2,313",0,"1,545",0,5,"365,944"
496,Chernobog,20,12 / 4 / 9,674,"31,927","18,567","18,936","10,234",0,"3,714","5,352",5,"478,809"
497,Scylla,20,8 / 6 / 4,561,"25,158","2,407","19,631","7,326",0,"6,821",0,6,"499,960"
498,Neith,20,5 / 6 / 10,534,"27,129","8,905","20,811","8,643",0,"6,525","1,669",9,"599,688"
499,Cupid,19,15 / 5 / 7,651,"26,977","16,139","15,734","6,216",681,"5,870","3,955",3,"357,426"
500,Serqet,18,6 / 3 / 8,559,"18,353","2,184","17,518","11,600",0,"1,897",0,8,"543,309"
501,Apollo,20,11 / 5 / 4,615,"17,339","10,908","26,737","12,219",0,"11,286","11,224",8,"642,691"
502,Jing Wei,20,12 / 4 / 10,624,"26,265","20,760","21,222","8,703",0,"7,127","3,285",3,"447,607"
503,Arachne,20,10 / 0 / 8,714,"12,282","7,848","16,227","8,653",0,"12,189","1,609",2,"480,436"
504,Isis,20,7 / 5 / 4,516,"21,299","2,512","18,181","6,573","1,837","5,281",0,5,"483,505"
505,Arachne,20,7 / 5 / 4,609,"12,658","7,259","19,870","13,256",0,"9,426","1,082",5,"656,228"
506,Anhur,20,11 / 7 / 2,545,"25,224","10,868","19,339","7,123",0,"4,493",0,9,"454,854"
507,Sobek,16,3 / 2 / 12,581,"10,274","1,167","12,988","12,182",0,"4,367",118,4,"414,426"
508,Ah Puch,19,2 / 10 / 5,476,"25,269",804,"18,773","6,509",0,"1,797",69,4,"448,510"
509,Arachne,20,11 / 4 / 12,612,"24,124","14,481","40,176","19,643",0,"22,451","3,702",8,"810,958"
510,Nu Wa,20,7 / 3 / 10,616,"39,793","6,050","11,884","4,425",0,"2,167","1,838",12,"546,336"
511,Hera,20,15 / 3 / 17,637,"48,592","11,745","15,005","6,557",0,"1,172","2,513",11,"725,942"
512,Kuzenbo,20,20 / 10 / 23,569,"55,053","10,202","58,072","27,532",0,"5,029","1,629",14,"1,285,789"
513,Bacchus,20,5 / 3 / 13,520,"22,190","2,009","21,951","23,699",0,"2,159",76,5,"586,567"
514,Kukulkan,19,4 / 2 / 11,593,"15,159","2,207","9,694","9,342",0,"3,749","1,065",6,"445,089"
515,Scylla,20,16 / 1 / 10,705,"28,924","4,648","14,697","5,498",0,"7,264","4,868",8,"588,016"
516,Kukulkan,20,8 / 1 / 11,660,"26,504","2,810","10,886","5,442",0,"2,768","2,628",5,"507,566"
517,Chernobog,20,11 / 3 / 13,613,"36,256","22,585","27,397","13,897",0,"12,298","6,016",7,"570,643"
518,Isis,20,13 / 0 / 3,696,"22,714","3,049","9,246","3,789","1,953","5,102","1,807",6,"426,376"
519,Freya,7,0 / 0 / 0,816,160,58,"2,805",812,0,"1,914",0,2,"103,412"
520,Bellona,15,3 / 0 / 2,635,"9,277","3,682","9,159","10,000",0,"7,022","1,078",0,"285,499"
521,Anhur,13,5 / 5 / 2,545,"6,765","3,103","9,110","2,725",0,"1,359",639,3,"262,889"
522,Medusa,19,1 / 5 / 2,469,"15,112","6,293","17,694","9,062",0,731,"1,944",3,"504,099"
523,He Bo,20,9 / 2 / 10,619,"19,631","1,334","13,683","3,949",0,"6,120","2,015",6,"424,179"
524,Sylvanus,8,0 / 3 / 1,462,"1,761",543,"7,195","1,839","1,183","2,901",0,2,"214,056"
525,Anubis,20,9 / 3 / 8,657,"15,504","1,065","17,106","8,108",0,"11,395","2,796",6,"436,449"
526,Odin,19,3 / 2 / 18,593,"7,860","1,981","17,041","14,343",0,"4,761",474,5,"591,200"
527,Medusa,12,1 / 1 / 4,578,"6,961","3,738","4,555","1,159",0,725,"1,184",3,"240,930"
528,The Morrigan,15,6 / 5 / 1,542,"11,090","1,112","8,449","2,543",0,135,386,5,"318,988"
529,Zeus,20,5 / 6 / 6,592,"21,269","2,370","13,711","5,430",0,"4,003","1,619",2,"392,190"
530,Scylla,20,9 / 3 / 10,597,"39,382","4,685","19,081","7,223",0,"7,744","1,334",11,"667,306"
531,Chang'e,19,4 / 7 / 10,581,"18,539","1,624","16,353","6,168","7,185","6,491","1,955",4,"445,958"
532,Hades,20,4 / 5 / 18,581,"31,719","3,226","27,281","26,487","2,444","15,746",930,9,"626,012"
533,Hel,20,9 / 1 / 11,563,"23,469","1,970","16,645","12,529","17,589","10,778",503,7,"496,573"
534,Raijin,20,17 / 3 / 8,677,"34,118","4,075","18,090","7,917",0,"8,875","1,216",7,"496,457"
535,Rama,16,5 / 5 / 5,522,"16,355","13,574","16,824","5,592",0,"5,374","1,684",5,"356,416"
536,Fafnir,8,0 / 2 / 3,489,"2,778",307,"6,508","3,094",0,"2,152",68,2,"221,610"
537,Vulcan,20,2 / 9 / 7,466,"23,893","4,613","19,329","5,749",0,476,565,4,"517,841"
538,Kukulkan,20,9 / 7 / 5,546,"31,385","2,088","14,870","6,717",0,250,735,7,"452,936"
539,Discordia,17,1 / 1 / 11,552,"15,738","1,062","7,790","2,685",0,250,"1,134",4,"423,811"
540,Anhur,20,8 / 6 / 11,507,"18,445","6,781","16,172","7,881",0,948,479,6,"437,178"
541,Loki,20,1 / 5 / 7,505,"9,409","3,694","18,743","6,063",0,"3,163","1,887",11,"588,453"
542,The Morrigan,20,8 / 5 / 6,577,"17,853","2,225","14,262","4,371",0,"2,052","1,272",9,"628,367"
543,Isis,19,4 / 3 / 8,556,"22,266","2,889","16,411","6,194","3,470","6,091","2,542",6,"495,554"
544,Ymir,20,4 / 9 / 8,480,"17,993","2,631","28,819","13,242",0,"2,626",0,9,"590,567"
545,Fenrir,20,12 / 1 / 10,668,"21,353","8,839","17,670","9,422",0,"9,504","1,932",8,"564,077"
546,Zhong Kui,20,14 / 2 / 11,707,"24,254","3,138","20,124","11,650",0,"9,703","3,893",5,"458,963"
547,Pele,20,15 / 11 / 10,584,"30,174","7,904","38,377","19,577",0,"9,938","4,565",10,"640,817"
548,Vulcan,20,14 / 5 / 12,560,"49,468","11,680","17,658","8,761",0,"1,241",0,8,"634,377"
549,Nox,20,12 / 2 / 13,554,"28,912","1,880","20,171","10,739",0,"3,735","2,251",9,"648,870"
550,Nu Wa,20,3 / 2 / 10,589,"24,491","3,137","10,695","3,444",0,"2,182",540,3,"411,213"
551,He Bo,20,8 / 8 / 12,551,"37,128","1,616","23,148","14,212",0,"7,246",0,3,"587,171"
552,Merlin,11,2 / 0 / 4,675,"3,313",429,"3,572",925,0,"2,210",497,0,"179,873"
553,Apollo,12,1 / 1 / 3,578,"5,537","4,200","4,659","1,667",0,772,"3,543",2,"244,532"
554,Zhong Kui,20,5 / 7 / 13,504,"31,995","2,967","29,930","18,139",0,"11,595","2,716",6,"599,154"
555,Chang'e,17,3 / 5 / 4,522,"14,348","1,281","14,938","4,618","2,271","5,397",275,2,"380,471"
556,Hachiman,20,2 / 4 / 4,523,"15,407","9,135","17,156","4,836",0,"4,750","2,162",6,"451,392"
557,Chiron,15,8 / 2 / 6,691,"8,776","4,262","8,545","2,789",198,"3,501",431,2,"268,550"
558,Kumbhakarna,20,6 / 0 / 12,597,"17,118","1,324","18,721","8,097",0,"5,419",71,7,"504,660"
559,Nemesis,14,3 / 3 / 4,519,"7,642","3,152","10,828","4,437",0,"3,605",0,3,"388,611"
560,Rama,20,12 / 6 / 7,636,"36,542","26,800","29,222","12,343",0,"13,856","10,515",10,"566,114"
561,Terra,20,3 / 2 / 21,582,"14,075","3,090","23,466","30,253","5,698","8,777",479,9,"630,569"
562,Thor,20,12 / 3 / 10,623,"29,143","7,192","22,045","10,438",0,"7,283","1,233",4,"519,418"
563,Set,20,7 / 15 / 5,510,"19,170","8,630","34,137","13,581",0,"4,968","4,044",1,"522,024"
564,Ymir,20,3 / 7 / 28,444,"15,697","1,231","48,125","58,721",0,"2,329",218,14,"949,436"
565,Scylla,20,4 / 6 / 6,521,"26,475","1,714","21,997","7,792",0,"7,552",335,8,"560,388"
566,Ah Muzen Cab,20,12 / 7 / 7,619,"28,421","9,033","23,532","9,519",0,"5,525","4,838",7,"531,374"
567,Merlin,20,7 / 2 / 8,617,"31,170","1,306","14,065","6,732",0,"6,125",693,6,"586,903"
568,Aphrodite,20,1 / 3 / 8,457,"26,000","3,304","27,071","14,523","15,643","18,304",0,7,"683,410"
569,Geb,20,3 / 5 / 4,496,"14,981","2,254","22,578","9,362",0,"4,494",0,6,"556,588"
570,Jormungandr,20,15 / 2 / 11,673,"22,445","5,331","20,426","8,977",0,"8,166","2,004",4,"498,936"
571,Merlin,14,2 / 1 / 0,421,"5,088",305,"2,651",859,0,"1,051",0,3,"273,170"
572,Cernunnos,13,0 / 4 / 1,462,"8,566","4,167","12,759","3,491",0,"1,349",172,2,"326,257"
573,Cu Chulainn,20,1 / 0 / 7,597,"13,512","3,391","17,134","16,809",0,"6,419","1,746",2,"473,714"
574,Cerberus,10,1 / 0 / 7,644,"3,449",451,"5,293","1,933",0,"2,303",0,3,"218,141"
575,Ra,9,3 / 2 / 5,531,"3,987",827,"5,964","3,386",762,"2,062",62,2,"213,358"
576,King Arthur,15,1 / 8 / 6,956,"10,040",759,"18,004","10,830",0,"1,984",0,0,"211,936"
577,Thanatos,19,17 / 1 / 5,703,"23,719","10,121","12,702","4,980",0,"16,881","1,729",2,"495,437"
578,Hades,20,6 / 4 / 16,620,"20,893","4,409","23,079","17,518","2,617","11,853","1,771",8,"565,008"
579,Ymir,20,6 / 2 / 7,625,"15,092","2,089","18,265","13,361",0,"5,063",462,6,"577,028"
580,Scylla,20,6 / 7 / 9,572,"28,928","4,356","16,474","4,526",0,"6,206",610,7,"567,585"
581,Kukulkan,13,5 / 1 / 3,592,"5,686",783,"3,007","1,019",0,134,219,5,"266,929"
582,Tyr,17,0 / 6 / 2,478,"12,438","1,199","28,484","31,586",0,"9,222",0,6,"556,654"
583,Chiron,20,9 / 3 / 7,637,"16,743","8,729","16,264","5,097",997,"6,832","2,568",7,"448,722"
584,Sobek,20,4 / 3 / 21,575,"18,639","1,588","29,921","39,933",0,"9,633",218,10,"688,581"
585,Apollo,20,12 / 2 / 7,705,"33,680","25,417","20,830","8,997",0,"9,545","7,305",4,"479,846"
586,Apollo,6,0 / 0 / 0,706,"1,507","1,129","2,338",692,0,"1,167",0,0,"92,431"
587,Kuzenbo,20,9 / 6 / 9,494,"23,264","4,363","29,527","22,836",0,"3,954",314,6,"656,366"
588,Fenrir,20,16 / 4 / 11,646,"26,757","9,923","21,813","12,261",0,"8,459","1,473",6,"513,372"
589,Hel,20,5 / 8 / 1,555,"19,518",763,"25,400","14,232","9,445","13,031","1,720",5,"450,977"
590,Ullr,20,5 / 7 / 6,510,"20,377","10,246","22,919","8,157",0,"1,717","4,756",9,"572,614"
591,Thor,12,3 / 2 / 5,561,"6,411","1,636","7,392","2,645",0,"1,313",783,2,"295,344"
592,Nox,18,5 / 2 / 14,602,"12,767","1,201","8,394","3,461",0,"1,338","1,693",6,"423,204"
593,Baron Samedi,19,4 / 8 / 14,471,"21,038","1,772","25,463","9,345","3,318","5,157",0,4,"493,031"
594,Apollo,20,8 / 7 / 19,604,"33,092","19,615","25,194","9,677",0,"3,686","9,110",6,"591,784"
595,Thoth,11,2 / 1 / 3,649,"3,974",418,"3,250",866,0,500,336,1,"210,283"
596,Rama,20,15 / 5 / 8,602,"35,038","26,501","26,933","12,005",0,"14,592","2,324",6,"645,391"
597,Hachiman,20,8 / 8 / 10,618,"17,433","10,731","21,433","9,933",0,"3,007","2,431",4,"488,254"
598,Isis,20,12 / 2 / 8,712,"35,017","3,694","20,631","9,267",903,"10,514","3,886",6,"519,836"
599,Medusa,20,6 / 3 / 9,605,"21,714","10,417","18,639","8,743",0,"9,206","8,152",4,"584,625"
600,Anhur,20,11 / 7 / 7,564,"23,696","11,618","24,987","9,471",0,"8,021","4,625",8,"543,909"
601,Chiron,20,9 / 3 / 7,611,"19,141","10,920","17,670","6,671","1,140","5,649","5,381",5,"438,589"
602,Sylvanus,19,2 / 2 / 6,570,"9,381","2,758","23,355","21,719","3,453","9,661",0,3,"457,176"
603,Zhong Kui,20,12 / 12 / 9,563,"31,782","2,361","33,153","22,514",0,"10,154","2,947",4,"602,695"
604,Medusa,11,8 / 2 / 1,676,"10,064","4,642","5,713","1,804",0,901,888,2,"186,111"
605,Nike,20,2 / 3 / 7,533,"17,901","4,776","23,721","29,148",0,"3,608",0,3,"492,018"
606,Izanami,19,5 / 3 / 5,658,"12,554","7,887","13,963","4,679",0,"4,397","5,937",3,"388,724"
607,Anhur,20,11 / 4 / 4,541,"25,085","13,956","20,373","6,016",0,"2,214",0,7,"486,050"
608,Ullr,19,8 / 1 / 5,686,"12,131","5,067","8,798","3,896",0,"3,332","5,797",5,"359,825"
609,Anubis,19,8 / 13 / 7,515,"23,987","2,679","21,339","8,101",0,750,0,2,"471,840"
610,Jormungandr,20,9 / 7 / 4,554,"37,383","5,316","34,353","13,188",0,"2,959",883,3,"560,624"
611,Agni,20,10 / 2 / 11,561,"25,107","2,977","14,643","6,316",0,"8,071",692,10,"616,821"
612,Jormungandr,9,1 / 3 / 2,544,"3,903","1,004","5,653","2,124",0,250,0,1,"176,652"
613,Janus,20,7 / 4 / 10,563,"19,427","1,572","13,180","3,825",0,126,289,8,"610,169"
614,Scylla,20,6 / 9 / 12,511,"22,925","1,777","20,576","7,472",0,"5,243",270,3,"479,271"
615,Kumbhakarna,13,0 / 4 / 5,479,"6,122",737,"14,341","9,657",0,"1,566",0,3,"375,985"
616,Achilles,20,11 / 5 / 9,613,"21,723","9,170","26,655","15,615",0,"5,487","1,320",6,"672,342"
617,Ymir,16,6 / 1 / 14,596,"10,396","2,249","10,465","5,231",0,"2,833",60,1,"366,828"
618,Hades,20,6 / 2 / 15,576,"14,405","3,615","27,433","46,908","1,385","7,179",996,6,"631,010"
619,Vulcan,20,6 / 5 / 8,575,"20,228","3,659","19,055","7,841",0,"2,269","4,721",8,"602,030"
620,Zeus,20,7 / 9 / 5,514,"29,080","2,867","23,001","6,930",0,"6,925","1,004",8,"502,166"
621,Anhur,20,10 / 5 / 10,626,"18,642","9,983","18,209","7,527",0,"6,181","7,018",6,"411,835"
622,Arachne,19,14 / 3 / 4,734,"10,859","6,334","16,111","6,995",0,"8,314","1,284",1,"406,286"
623,Thor,20,10 / 8 / 10,558,"28,777","7,411","36,155","35,264",0,"1,490",400,6,"656,598"
624,Scylla,20,5 / 2 / 13,524,"34,186","2,556","19,303","6,257",0,"9,103","1,044",8,"753,207"
625,Skadi,11,0 / 6 / 1,452,"3,653","2,195","8,474","2,084",0,684,0,4,"245,320"
626,Ra,20,1 / 14 / 3,495,"7,344",467,"21,712","5,682",898,"3,720",640,6,"430,826"
627,Kukulkan,20,12 / 6 / 17,626,"39,711","3,578","18,581","11,267",0,"2,003",727,9,"748,953"
628,Rama,20,18 / 8 / 3,642,"47,986","31,144","28,913","14,313",0,"10,625","9,051",7,"605,420"
629,Athena,20,4 / 7 / 7,502,"9,681","4,408","29,863","28,647",0,"2,459",185,7,"583,014"
630,Isis,16,4 / 4 / 2,533,"15,260","1,230","9,335","2,723",999,"2,246",612,5,"335,015"
631,Cabrakan,20,3 / 6 / 12,434,"25,540","2,516","36,997","66,002",0,"10,394",369,5,"650,701"
632,Raijin,20,9 / 5 / 7,551,"35,030","2,824","29,444","12,579",0,"7,031",0,8,"524,474"
633,Fenrir,18,6 / 7 / 7,463,"18,604","6,522","26,353","29,619",0,"10,097",0,4,"495,513"
634,Ra,20,4 / 4 / 9,588,"20,385",836,"16,654","10,410","12,070","7,663","4,468",4,"676,845"
635,Anhur,20,11 / 2 / 8,654,"21,632","11,203","20,008","8,598",0,"10,047","6,076",5,"465,040"
636,Cu Chulainn,20,2 / 2 / 6,581,"22,314","4,210","26,054","30,202",0,"11,682","1,312",3,"545,438"
637,Janus,16,5 / 4 / 7,458,"17,925","1,394","12,377","4,073",0,250,0,7,"503,002"
638,Guan Yu,20,6 / 5 / 2,527,"20,883","3,083","24,403","26,425","2,337","10,688",0,4,"575,931"
639,Scylla,20,7 / 7 / 5,610,"27,230","2,051","32,119","11,326",0,"13,851","4,206",9,"834,629"
640,Camazotz,20,7 / 5 / 5,545,"21,722","6,805","30,128","17,426",0,"13,185",0,4,"558,130"
641,Jormungandr,19,2 / 2 / 6,490,"13,633","2,437","12,679","6,515",0,514,263,3,"451,349"
642,Scylla,18,7 / 1 / 10,706,"17,930","2,169","6,825","2,132",0,"3,268","2,509",6,"360,174"
643,Bastet,20,9 / 7 / 7,590,"28,330","9,877","25,439","11,205",0,"1,421","8,371",7,"627,820"
644,Loki,18,6 / 8 / 4,569,"10,235","4,317","17,097","4,392",0,"1,181","1,656",3,"388,006"
645,Khepri,9,1 / 4 / 4,556,"2,282",385,"6,559","3,611",0,"1,166",0,1,"209,645"
646,Loki,18,7 / 9 / 5,516,"11,843","5,267","17,199","5,374",0,724,0,5,"448,070"
647,Amaterasu,20,6 / 4 / 2,565,"15,909","6,322","30,020","23,791",0,"11,940","8,988",7,"726,947"
648,Loki,20,6 / 7 / 4,624,"10,030","3,607","19,368","7,196",0,"1,462","1,109",9,"545,491"
649,Ganesha,15,0 / 8 / 7,446,"9,063",494,"17,778","6,124",0,"2,003",0,2,"408,718"
650,Loki,20,7 / 8 / 16,607,"16,806","7,156","37,616","9,446",0,"2,697","3,126",11,"834,942"
651,Hera,20,5 / 4 / 9,643,"13,857","3,226","12,086","4,546",0,"1,663","1,607",7,"434,474"
652,He Bo,20,16 / 9 / 16,626,"54,025","2,311","38,930","22,064",0,"10,703","3,197",7,"761,567"
653,Janus,16,4 / 2 / 6,610,"5,565",789,"7,510","2,407",0,"2,940","1,626",5,"338,209"
654,Chang'e,9,0 / 5 / 0,489,"3,015",135,"6,581","1,934",82,"1,400",0,1,"196,505"
655,Thoth,20,10 / 12 / 16,553,"38,575","1,364","31,724","12,563",0,"3,087","3,559",8,"836,663"
656,Scylla,20,15 / 5 / 9,634,"54,968","4,003","26,523","10,046",0,"14,086",676,14,"850,550"
657,Ratatoskr,17,7 / 1 / 2,640,"9,839","4,098","10,639","4,978",0,"4,010",854,2,"382,827"
658,Kukulkan,20,6 / 5 / 6,551,"16,014",597,"16,738","6,412",0,"1,341",493,7,"456,759"
659,Artemis,20,1 / 13 / 4,456,"13,679","7,283","24,169","6,324",0,"3,520","2,337",5,"365,305"
660,Ne Zha,19,4 / 6 / 5,493,"12,583","3,267","20,382","6,662",0,"7,125",0,3,"523,745"
661,Pele,20,11 / 4 / 13,657,"26,754","5,667","26,992","12,461",0,"14,863","4,015",6,"636,110"
662,Anubis,20,17 / 10 / 9,547,"33,819",785,"25,164","14,540",0,"6,613",0,11,"604,898"
663,Zhong Kui,18,2 / 6 / 2,492,"13,907","1,211","15,124","9,552",0,"4,198",616,6,"405,156"
664,Serqet,20,7 / 3 / 15,612,"18,547","3,357","17,003","8,300",0,"5,117","2,681",7,"576,734"
665,Sylvanus,20,3 / 6 / 17,522,"9,243","2,015","33,348","43,235","7,302","8,737",692,10,"598,607"
666,Freya,20,11 / 3 / 9,647,"21,129","9,907","18,913","6,221",0,"11,043","2,607",4,"387,533"
667,Fenrir,20,17 / 9 / 14,559,"33,767","20,949","50,034","28,294",0,"17,808","5,908",7,"918,811"
668,Sol,20,5 / 9 / 11,562,"24,723","5,631","37,919","12,831",0,"19,203","9,679",7,"622,962"
669,Cabrakan,20,8 / 4 / 14,578,"20,518","2,422","37,252","57,429","2,520","6,964",169,5,"562,652"
670,Vulcan,20,6 / 1 / 13,609,"38,909","10,299","11,362","5,349",0,"2,141","1,795",8,"683,162"
671,Rama,20,7 / 13 / 6,490,"24,807","16,634","37,447","12,624",0,"12,726","3,706",4,"680,046"
672,Hun Batz,20,7 / 5 / 8,553,"25,713","7,833","29,504","23,896",0,"4,743",632,8,"707,550"
673,Ullr,20,4 / 7 / 2,508,"16,125","6,240","22,405","8,864",0,"1,536",651,11,"467,012"
674,Discordia,20,10 / 3 / 13,586,"56,352","2,057","30,015","8,628",0,"11,515","1,033",11,"945,940"
675,Camazotz,18,3 / 1 / 3,603,"11,338","3,769","17,993","14,418",0,"12,680","1,111",0,"345,030"
676,Horus,20,8 / 8 / 14,986,"27,203","12,426","40,410","15,616","2,384","5,968",0,1,"377,921"
677,Xbalanque,20,5 / 1 / 7,619,"11,860","6,274","16,184","6,012",0,"6,648","8,646",7,"440,140"
678,Zeus,20,12 / 8 / 12,555,"49,039","6,241","31,593","8,359",0,"1,709","3,100",10,"684,708"
679,Chaac,20,8 / 7 / 17,542,"39,170","10,619","55,828","44,440",0,"29,818","2,175",9,"910,732"
680,Aphrodite,20,2 / 1 / 13,499,"23,870","2,820","17,940","11,770","18,354","14,631","4,584",7,"593,439"
681,Camazotz,20,6 / 1 / 12,615,"23,512","5,653","37,662","27,413",0,"29,363","5,526",6,"742,489"
682,Baron Samedi,20,8 / 2 / 7,599,"21,923","2,213","14,433","6,454","3,049","4,079","1,496",7,"525,137"
683,The Morrigan,20,5 / 6 / 6,492,"22,021","4,287","13,677","3,748",0,"2,104",321,8,"682,271"
684,Anhur,15,4 / 0 / 0,923,"6,605","2,791","6,580","2,242",0,"1,938","2,503",NA,NA
685,Serqet,20,5 / 4 / 10,531,"16,428","2,651","18,744","7,755",0,"3,587","1,802",6,"616,335"
686,Fenrir,20,7 / 7 / 10,531,"24,025","6,400","36,381","17,280",0,"7,221",524,5,"706,702"
687,Ao Kuang,20,9 / 7 / 4,562,"16,044","4,009","24,442","10,117",0,"9,258",0,2,"467,299"
688,Janus,20,4 / 5 / 7,540,"9,850",664,"12,319","2,908",125,"2,236",0,3,"464,322"
689,Scylla,20,15 / 1 / 6,717,"19,322","2,385","10,187","3,743",0,"4,651","1,711",3,"391,141"
690,Cerberus,17,0 / 9 / 4,427,"9,496",433,"22,623","11,892",0,"4,721",0,2,"430,252"
691,Nike,20,5 / 6 / 15,482,"32,925","8,137","39,957","44,279",0,"7,817",522,7,"810,477"
692,Merlin,20,10 / 6 / 9,575,"39,846","1,795","25,833","12,119",0,"7,726","1,102",9,"641,310"
693,Bacchus,10,2 / 5 / 0,489,"2,664",230,"7,652","3,133",0,"1,487",0,0,"265,199"
694,Janus,19,7 / 3 / 11,541,"16,123","1,581","15,433","4,676",0,"3,267",391,4,"516,717"
695,Camazotz,9,0 / 9 / 0,612,"3,900",482,"13,459","2,328",0,"3,153",0,NA,NA
696,Sol,18,5 / 5 / 0,574,"24,012","8,392","21,423","6,185",0,"8,853","1,980",0,"351,280"
697,Scylla,12,7 / 0 / 3,701,"6,117","1,346","3,112",819,0,"2,246",0,4,"207,601"
698,Ah Muzen Cab,17,3 / 7 / 1,498,"15,450","4,741","15,106","5,451",0,"2,588",710,0,"431,061"
699,Kukulkan,19,2 / 5 / 3,517,"12,280",658,"10,924","3,379",0,250,0,7,"435,842"
700,Medusa,20,7 / 7 / 10,572,"43,153","21,291","23,003","9,288",0,"5,313","9,650",6,"535,880"
701,Thoth,20,10 / 5 / 9,541,"33,519","1,784","16,484","4,731",0,"5,309","1,392",6,"479,071"
702,Apollo,20,12 / 5 / 11,698,"25,132","16,029","21,780","7,620",0,"7,630","7,148",5,"449,459"
703,Ao Kuang,20,4 / 5 / 2,503,"12,370","2,011","23,890","7,192",0,"10,285","1,085",8,"566,863"
704,Thanatos,20,3 / 5 / 7,498,"10,282","2,987","26,909","8,641",0,"18,648",0,5,"597,061"
705,Achilles,15,3 / 3 / 4,502,"10,336","2,589","12,979","3,956",0,"4,009",420,5,"465,073"
706,Poseidon,20,10 / 4 / 16,615,"35,976","4,822","27,569","8,025",0,"12,458","3,250",10,"812,616"
707,Ares,20,10 / 10 / 3,485,"18,304",550,"37,933","15,152",0,"4,964",313,8,"660,787"
708,Ra,19,4 / 2 / 4,610,"11,323",657,"10,047","4,073","3,638","3,162",555,4,"525,691"
709,Anubis,20,8 / 6 / 6,612,"16,316",354,"25,340","9,766",0,"14,723","1,709",5,"477,240"
710,Scylla,20,6 / 5 / 4,509,"19,606","2,313","16,894","5,748",0,"4,055",656,7,"499,903"
711,Pele,20,6 / 5 / 6,593,"17,321","4,208","21,797","10,590",0,"7,218","2,326",6,"693,572"
712,Cernunnos,20,8 / 9 / 5,556,"36,087","17,224","37,387","9,301",0,"13,992","3,826",8,"669,315"
713,Nemesis,20,10 / 3 / 6,598,"22,813","11,705","23,624","10,489",0,"7,902","2,607",9,"675,657"
714,Isis,14,5 / 1 / 5,670,"8,372","1,566","6,394","1,741","2,622","3,203",412,2,"281,505"
715,Sol,18,5 / 3 / 8,598,"22,927","11,076","18,420","4,744",0,"7,809","9,204",5,"378,351"
716,Erlang Shen,17,3 / 5 / 4,481,"8,400","3,706","21,258","7,859",0,"5,671",0,6,"472,545"
717,Kuzenbo,14,0 / 6 / 6,428,"6,439","1,939","23,588","17,101",0,"5,329",0,8,"530,952"
718,Sobek,12,0 / 4 / 5,478,"6,416",852,"11,360","7,062",0,"3,911",33,4,"337,137"
719,Chernobog,15,3 / 3 / 0,545,"5,166","3,463","9,348","3,954",0,"1,192","1,030",4,"348,216"
720,Chronos,20,5 / 4 / 6,585,"28,165","10,997","41,281","17,446",0,"19,281","17,209",13,"885,642"
721,Ymir,20,3 / 5 / 20,495,"18,446","2,880","32,334","35,002",0,"5,786",0,6,"677,380"
722,Artio,17,2 / 6 / 3,532,"12,770","1,185","22,066","24,076","1,059","6,874",0,0,"350,548"
723,Scylla,20,11 / 5 / 8,603,"26,242","1,608","20,736","8,405",0,"5,356","1,218",10,"689,299"
724,Ne Zha,20,8 / 3 / 6,602,"22,763","9,671","29,986","13,801",0,"12,846","4,467",8,"781,888"
725,Artio,20,9 / 2 / 16,598,"24,535","2,087","36,741","39,136","2,617","21,023","1,552",9,"819,991"
726,Awilix,20,9 / 6 / 9,542,"24,177","11,309","22,228","15,734",0,"4,866",689,10,"689,485"
727,Scylla,20,14 / 0 / 11,640,"29,596","4,688","8,823","3,430",0,"4,981","3,983",7,"409,293"
728,Scylla,20,4 / 4 / 0,827,"18,007","4,250","18,650","4,498",0,"7,496","2,758",NA,NA
729,Sun Wukong,19,2 / 5 / 0,497,"15,409","2,995","30,504","32,456",0,"14,396",0,0,"452,530"
730,Neith,20,10 / 7 / 11,527,"45,715","23,037","35,422","16,179",0,"10,707",930,7,"619,114"
731,Odin,20,5 / 1 / 15,590,"14,743","5,503","17,658","18,339",0,"6,916","1,567",6,"565,299"
732,Zhong Kui,20,6 / 11 / 8,483,"27,798","2,528","35,879","20,991",0,"8,870",539,9,"618,930"
733,Bastet,20,18 / 11 / 11,583,"36,916","12,981","48,434","37,810",0,"3,641","1,187",12,"1,034,063"
734,Camazotz,17,3 / 7 / 4,536,"11,755","3,957","21,625","9,679",0,"8,100","1,202",3,"437,388"
735,Nox,11,1 / 3 / 2,590,"4,516",762,"4,601","1,262",0,369,0,1,"205,278"
736,Merlin,20,11 / 6 / 3,561,"18,869","1,557","14,424","4,755",0,"3,372",335,8,"448,308"
737,Chaac,20,7 / 5 / 12,591,"20,260","5,684","28,680","20,642",0,"14,284","2,306",6,"556,530"
738,Isis,20,7 / 9 / 14,543,"17,749",923,"18,171","7,281","2,751","3,806",276,8,"441,542"
739,Cerberus,10,1 / 1 / 2,531,"4,055",147,"8,611","5,444",0,"5,170",0,0,"187,143"
740,Zeus,20,12 / 11 / 13,534,"42,559","4,387","32,709","23,507",0,"10,075","1,660",10,"714,711"
741,Arachne,20,12 / 5 / 13,644,"25,798","14,381","39,962","25,307",0,"23,293","2,689",10,"910,728"
742,Ymir,20,4 / 8 / 16,458,"14,752","1,811","36,467","30,092",0,"2,791",0,8,"750,968"
743,Rama,17,4 / 7 / 1,476,"8,527","6,657","15,871","5,866",0,"2,246","1,333",9,"418,721"
744,Hel,20,7 / 3 / 8,568,"22,789","1,706","13,210","12,136","22,285","7,614",582,6,"546,217"
745,Athena,20,7 / 3 / 17,565,"23,846","10,434","33,748","39,397",0,"10,555",688,8,"827,587"
746,Anubis,20,7 / 5 / 4,554,"12,878",154,"14,346","6,754",0,"5,573",0,5,"380,419"
747,Ullr,20,10 / 7 / 5,647,"25,180","9,091","23,388","10,416",0,"7,046","6,357",5,"548,497"
748,Anhur,20,22 / 5 / 6,714,"39,634","23,467","29,137","13,773",0,"17,366","9,536",7,"529,751"
749,Discordia,19,7 / 7 / 4,539,"19,644","1,677","15,112","6,132",0,"3,610",745,6,"378,926"
750,He Bo,20,8 / 6 / 5,515,"28,684",130,"19,135","7,323",0,"5,113",271,6,"560,811"
751,Kukulkan,17,5 / 5 / 2,567,"11,958",644,"8,488","2,385",0,250,0,4,"334,772"
752,Scylla,20,8 / 3 / 14,537,"17,498","2,879","16,573","16,710",0,"2,613",796,10,"575,750"
753,Nox,19,6 / 3 / 6,565,"10,727",916,"10,428","4,320",0,"2,037","1,555",8,"473,094"
754,Fafnir,14,1 / 6 / 0,549,"5,429",378,"15,034","11,503",0,"4,248",0,0,"253,972"
755,Zeus,20,8 / 1 / 3,640,"22,835","3,439","13,121","7,920",0,"8,257","1,443",4,"436,457"
756,King Arthur,20,3 / 4 / 0,540,"12,689","1,103","27,188","24,548",0,"10,291",510,1,"439,939"
757,Susano,20,6 / 5 / 6,486,"22,008","6,164","32,490","20,835",0,"3,241",142,10,"765,436"
758,Isis,20,8 / 9 / 9,597,"22,020","1,919","27,406","11,009","5,908","9,126",838,8,"528,829"
759,Bastet,20,11 / 7 / 5,574,"26,758","6,402","27,961","9,968",0,"2,984",0,7,"567,893"
760,Neith,7,1 / 1 / 0,652,"1,463",613,"2,295",605,0,"1,030",0,0,"111,299"
761,Nox,19,4 / 4 / 11,574,"11,100",497,"10,896","4,799",0,787,792,7,"434,553"
762,Ra,20,6 / 2 / 12,647,"23,384","1,755","17,738","10,011","12,724","9,549","1,497",8,"621,779"
763,Raijin,20,7 / 1 / 16,548,"43,244","4,062","19,604","9,409",0,"7,739","2,126",10,"781,938"
764,Mercury,20,6 / 5 / 11,532,"20,632","6,593","26,635","18,571",0,"6,725",0,12,"928,182"
765,Medusa,20,11 / 6 / 10,574,"22,181","11,579","18,370","6,630",0,"4,293","5,381",5,"532,592"
766,Xbalanque,12,0 / 4 / 1,434,"4,680","2,308","7,721","1,922",0,"1,000",0,3,"287,098"
767,Hades,20,4 / 8 / 12,546,"19,599","2,036","24,912","25,586",979,"10,306",457,7,"474,461"
768,Izanami,20,7 / 8 / 6,523,"26,716","15,033","25,141","10,075",0,"3,039","2,710",8,"576,553"
769,Sobek,16,3 / 9 / 7,478,"15,112","1,431","29,853","28,655",971,"10,075",0,5,"460,821"
770,Ne Zha,19,3 / 2 / 16,619,"13,018","3,173","22,778","14,972",0,"12,658","1,398",5,"511,630"
771,Thanatos,15,4 / 6 / 3,490,"14,399","3,147","21,180","17,787",0,"15,659",0,2,"461,896"
772,Erlang Shen,20,6 / 2 / 12,602,"20,590","10,850","22,800","13,343",0,"7,763","1,196",6,"622,662"
773,Raijin,17,9 / 2 / 8,597,"15,392","1,003","9,621","3,155",0,"3,457",60,3,"328,697"
774,Ah Puch,20,4 / 6 / 7,496,"15,088",572,"16,164","3,337",0,"4,590",0,7,"486,991"
775,Ymir,20,10 / 5 / 5,525,"16,505","1,890","27,988","23,642",0,"3,440",300,9,"648,013"
776,Nu Wa,20,0 / 4 / 5,461,"24,772","2,804","10,786","4,075",0,184,334,7,"518,627"
777,Chaac,17,4 / 8 / 3,422,"17,375","7,300","31,227","11,895",0,"10,655",0,3,"477,424"
778,Agni,20,7 / 4 / 10,573,"24,978","3,176","19,039","5,844",0,"6,038",860,8,"694,983"
779,Anubis,20,8 / 4 / 8,652,"21,397",607,"11,357","5,346",0,"4,950","3,326",7,"424,610"
780,Raijin,20,6 / 12 / 12,564,"16,904","1,580","22,391","6,640",0,"2,815",510,6,"401,386"
781,Athena,18,8 / 1 / 12,669,"10,367","4,638","10,885","6,510",0,"4,498",686,4,"451,577"
782,Fafnir,13,4 / 5 / 4,539,"9,329","1,244","15,913","13,803",0,"2,978",0,3,"337,892"
783,Bacchus,19,7 / 3 / 11,527,"15,299","1,610","19,126","24,420",0,"1,779",322,6,"539,540"
784,Achilles,20,9 / 0 / 6,630,"17,781","5,045","18,488","11,811",0,"9,769",295,4,"559,010"
785,Fenrir,20,3 / 5 / 7,461,"14,609","4,275","29,020","25,560",0,"7,333",182,8,"677,492"
786,Isis,20,22 / 5 / 14,691,"58,446","5,985","30,671","19,124","4,073","14,622","3,839",10,"635,329"
787,Ra,20,3 / 6 / 0,786,"23,577","4,335","26,722","11,778",0,"14,525","2,315",NA,NA
788,Nike,20,5 / 6 / 20,506,"25,648","5,621","40,539","34,810",0,"4,169",633,9,"782,343"
789,Artio,20,6 / 2 / 13,614,"13,809",735,"23,058","18,509","1,057","11,069",858,5,"518,555"
790,Chernobog,20,9 / 6 / 10,615,"33,677","20,511","31,182","16,405",0,"12,117","3,404",5,"759,604"
791,Mercury,20,13 / 7 / 14,670,"42,650","22,485","37,081","26,207",0,"14,435","1,469",11,"1,072,273"
792,Zeus,20,11 / 9 / 13,539,"56,337","5,126","30,932","19,212",0,"8,001",304,8,"749,110"
793,Artemis,20,10 / 10 / 2,516,"27,477","15,010","26,607","9,908",0,"3,523","1,103",5,"446,916"
794,Chronos,20,6 / 1 / 10,599,"17,753","5,025","14,254","6,384",0,"8,058","5,743",5,"543,378"
795,Anhur,20,6 / 3 / 9,609,"15,284","7,213","21,418","8,474",0,"9,193","5,485",5,"496,648"
796,Xbalanque,20,8 / 7 / 3,482,"24,188","15,985","21,005","7,080",0,"4,693",0,8,"526,870"
797,Thoth,20,3 / 9 / 6,472,"16,602",450,"21,338","7,756",0,"3,225",318,5,"560,279"
798,Tyr,20,9 / 5 / 23,549,"29,442","3,900","50,774","61,463",0,"22,100","2,101",7,"905,938"
799,Chaac,20,12 / 6 / 5,568,"24,813","6,341","28,162","31,201",0,"12,262",419,8,"565,217"
800,Nike,20,14 / 2 / 18,648,"27,386","5,701","32,513","31,228",0,"8,399","4,309",10,"739,236"
801,Nu Wa,17,2 / 5 / 3,487,"17,383","3,723","13,294","2,786",0,179,813,4,"377,024"
802,Cerberus,20,2 / 5 / 12,496,"23,549","2,757","37,789","45,423",0,"9,621","1,575",7,"679,611"
803,Nox,20,11 / 1 / 8,611,"20,466","1,465","12,095","4,357",0,633,"1,664",9,"698,200"
804,Fenrir,20,7 / 5 / 15,580,"18,606","7,641","26,785","18,155","1,897","9,046","1,908",7,"536,642"
805,Zhong Kui,19,4 / 1 / 4,628,"7,970","1,130","10,762","6,821",0,"6,388","3,324",6,"388,167"
806,Rama,20,10 / 5 / 6,601,"29,969","23,567","27,923","7,876",0,"10,263","3,965",9,"503,386"
807,Guan Yu,20,6 / 4 / 8,538,"21,033","3,585","33,261","38,008","2,480","15,348",342,7,"595,895"
808,Nike,20,10 / 7 / 11,522,"31,092","8,992","50,572","56,315",0,"11,512","1,384",7,"706,029"
809,Nox,20,9 / 7 / 12,556,"20,294","1,449","22,862","7,882",0,0,118,10,"777,887"
810,Scylla,20,11 / 4 / 8,625,"21,271","2,941","16,913","6,406",0,"6,521","1,150",9,"555,302"
811,Xing Tian,20,7 / 2 / 6,496,"20,166","1,615","27,783","30,847",0,"2,082",0,7,"726,698"
812,Horus,16,4 / 5 / 6,531,"14,955","7,633","26,888","19,649","2,545","8,521",0,0,"417,782"
813,Set,20,8 / 6 / 10,633,"21,011","8,904","18,042","8,301",0,"4,772",918,4,"455,818"
814,Scylla,20,12 / 4 / 1,682,"21,023","2,904","14,888","4,301",0,"5,348",772,3,"404,904"
815,Apollo,20,14 / 13 / 9,583,"39,678","26,921","38,221","14,932",0,"10,343","3,673",6,"615,746"
816,Ymir,20,6 / 3 / 14,638,"20,929","5,656","32,627","19,673",0,"11,451","1,843",8,"740,193"
817,Raijin,20,13 / 3 / 9,624,"22,044","1,949","15,442","5,816",0,"4,440","1,117",5,"482,889"
818,Loki,20,11 / 2 / 4,701,"12,333","5,238","12,004","4,340",0,"3,911","2,262",4,"509,984"
819,Ares,20,6 / 7 / 19,559,"21,054",959,"43,743","36,557",0,"4,660",161,6,"778,184"
820,The Morrigan,20,9 / 12 / 6,563,"34,872","4,963","24,409","9,375",0,"2,075","3,340",10,"718,162"
821,Fafnir,20,6 / 4 / 25,567,"24,050","1,241","28,353","40,104",0,"8,429",570,11,"688,887"
822,Sun Wukong,18,0 / 2 / 2,489,"8,418","3,058","17,719","19,053",0,"8,116",0,2,"401,977"
823,Isis,17,3 / 4 / 6,484,"12,831","1,465","11,498","3,034",819,"3,485","1,070",2,"444,640"
824,Thor,20,9 / 4 / 20,582,"28,146","4,644","33,985","23,437",0,"5,087","2,923",10,"797,993"
825,Zeus,20,9 / 5 / 11,611,"28,890","3,627","17,997","4,499",0,"6,042",86,7,"471,979"
826,Ra,17,1 / 3 / 2,543,"9,474",691,"8,331","3,654",761,"2,565",0,3,"395,547"
827,The Morrigan,20,17 / 12 / 5,624,"37,325","5,872","29,026","7,777",0,"6,699","2,695",8,"735,566"
828,Guan Yu,20,6 / 2 / 7,533,"20,759","3,077","28,533","42,604","4,580","13,071",579,4,"473,256"
829,Hachiman,20,9 / 11 / 18,554,"38,473","27,181","40,740","20,571",0,"14,714","4,395",8,"796,079"
830,Janus,20,6 / 8 / 11,511,"25,990","1,133","31,255","9,948",0,"9,656",0,11,"755,372"
831,Hel,20,14 / 4 / 16,666,"33,417","1,683","39,448","14,912","24,175","24,793","3,201",6,"682,220"
832,Camazotz,20,8 / 7 / 5,535,"23,286","6,063","34,470","16,333",0,"15,223",0,4,"615,231"
833,Ravana,11,4 / 5 / 0,504,"4,284",608,"10,171","3,154",0,"1,722",0,2,"318,868"
834,Achilles,20,19 / 5 / 8,665,"48,865","20,556","50,660","19,732",0,"20,124","1,436",7,"877,121"
835,Serqet,18,1 / 6 / 4,454,"8,421","1,579","16,861","5,513",0,"3,426","1,125",4,"583,061"
836,Merlin,20,12 / 4 / 12,669,"40,972","1,627","23,891","8,645",0,"12,068","1,961",9,"734,702"
837,Hera,20,2 / 14 / 0,745,"29,364","7,596","29,626","13,366",0,"8,671","2,437",NA,NA
838,Vulcan,15,1 / 6 / 0,472,"10,379","2,302","12,291","3,641",0,"1,142",0,2,"385,990"
839,Izanami,20,1 / 14 / 19,448,"32,082","18,514","41,474","17,772",0,"7,770","6,572",12,"822,607"
840,Poseidon,20,6 / 6 / 12,608,"25,414","3,579","24,377","6,092",0,"10,365",595,8,"687,960"
841,Kali,20,13 / 4 / 14,667,"38,279","22,077","38,754","19,330",0,"24,847","1,886",7,"636,641"
842,Fenrir,9,1 / 2 / 0,514,"2,930",979,"6,452","1,660",0,"2,078",0,2,"240,038"
843,He Bo,13,3 / 3 / 1,574,"7,296",529,"8,689","6,152",0,"3,917",348,0,"238,733"
844,Kukulkan,19,3 / 7 / 5,486,"21,996","1,094","15,441","6,954",0,250,444,4,"488,940"
845,Terra,17,0 / 4 / 6,440,"12,004","1,744","27,043","27,273","1,433","12,239",0,3,"486,366"
846,Kali,16,5 / 6 / 1,539,"10,041","4,111","17,905","5,785",0,"4,837",341,4,"400,896"
847,Kukulkan,20,7 / 3 / 12,601,"27,315","2,008","17,446","9,920",0,"2,505","1,454",7,"599,364"
848,The Morrigan,20,11 / 10 / 15,608,"26,366","4,975","22,227","6,806",0,"4,277",936,8,"605,528"
849,Discordia,20,3 / 8 / 5,494,"20,891","1,073","19,349","4,887",0,"3,007",0,9,"488,787"
850,Agni,12,6 / 0 / 2,668,"6,469","1,309","4,317","1,369",0,"2,088",0,2,"178,697"
851,Scylla,20,28 / 3 / 15,674,"66,032","6,733","29,646","8,507",0,"16,454","2,612",9,"730,801"
852,Discordia,18,8 / 0 / 8,681,"16,711","2,189","8,408","3,070",0,"5,161","2,628",5,"348,145"
853,Izanami,20,11 / 9 / 4,649,"40,163","26,961","35,391","14,139",0,"8,713","16,291",7,"707,173"
854,Poseidon,18,5 / 4 / 5,670,"10,685","1,908","8,462","2,425",0,"3,212","1,401",5,"377,154"
855,Nemesis,8,1 / 4 / 1,547,"2,431",788,"6,960","1,674",0,"1,681",0,3,"232,804"
856,Apollo,12,7 / 0 / 4,735,"7,227","4,545","4,204","1,287",0,960,"2,950",1,"221,124"
857,Zeus,20,8 / 10 / 11,"1,001","40,186","3,331","20,749","4,959",0,"3,390",0,0,"314,877"
858,Agni,20,7 / 2 / 8,545,"21,991","2,741","10,979","4,205",0,"3,687",485,10,"592,387"
859,Bellona,15,4 / 0 / 0,902,"7,919","4,837","16,266","12,203",0,"9,568","2,235",NA,NA
860,Scylla,20,12 / 4 / 8,584,"36,092","3,253","19,104","6,873",0,"8,690",905,10,"655,322"
861,Chronos,20,19 / 8 / 10,600,"50,111","15,961","46,769","25,309",0,"19,341","4,894",12,"879,882"
862,Chiron,20,9 / 5 / 7,568,"34,274","14,318","26,601","11,349","1,969","8,068","3,760",10,"759,219"
863,Aphrodite,16,1 / 5 / 0,469,"11,189","1,372","19,507","17,966",988,"11,624",0,0,"348,864"
864,Scylla,18,9 / 2 / 10,651,"21,923","2,777","12,994","4,543",0,"5,697","1,490",4,"373,918"
865,Baron Samedi,20,7 / 9 / 13,554,"27,858","1,082","35,201","13,349","6,480","15,169",426,6,"777,437"
866,Kumbhakarna,19,6 / 2 / 10,529,"14,100","1,482","21,102","6,340",0,"5,644",0,5,"572,336"
867,The Morrigan,20,10 / 3 / 14,640,"26,672","4,035","14,985","4,665",0,"6,896",805,6,"638,922"
868,Sylvanus,10,2 / 1 / 5,547,"3,356","1,344","5,286","2,540","2,176","2,928",21,2,"202,337"
869,Nike,20,7 / 3 / 13,636,"24,606","5,666","27,091","27,826",0,"4,663",405,4,"594,000"
870,Ullr,13,0 / 5 / 2,491,"5,740","2,761","8,849","2,227",0,"1,125",0,3,"265,831"
871,Medusa,20,7 / 3 / 8,616,"31,756","21,389","22,850","9,768",0,"9,029","7,216",5,"480,149"
872,Fenrir,20,7 / 9 / 8,493,"24,240","10,506","34,068","15,477",0,"12,520",0,7,"585,487"
873,Arachne,20,20 / 1 / 7,667,"34,837","21,756","37,887","19,808",0,"29,225","3,266",7,"813,350"
874,Ah Puch,12,0 / 2 / 1,565,"2,367",82,"4,449","1,102",0,791,744,3,"227,728"
875,Ra,20,6 / 5 / 6,530,"26,697","2,424","23,733","9,699","10,487","8,891",146,13,"750,310"
876,Isis,20,4 / 7 / 15,510,"15,730","1,467","23,030","20,045",855,"3,462",0,7,"576,230"
877,Erlang Shen,17,5 / 12 / 2,500,"16,061","6,910","30,169","13,123",0,"4,885",0,5,"432,913"
878,Skadi,19,1 / 9 / 2,519,"14,556","5,209","17,432","6,355",0,"1,066","2,840",6,"463,233"
879,The Morrigan,20,12 / 2 / 12,629,"27,026","3,764","11,279","4,174",0,"1,665","3,535",6,"588,266"
880,Isis,20,7 / 9 / 12,530,"30,518","2,668","24,660","6,236","6,548","8,156","1,199",9,"602,777"
881,Achilles,20,10 / 4 / 12,536,"27,325","7,013","28,479","24,696",0,"6,117",0,9,"772,656"
882,Artio,15,4 / 5 / 6,492,"17,526","1,786","28,828","28,873",880,"13,475",0,1,"384,454"
883,Izanami,19,8 / 3 / 8,645,"15,450","10,224","10,566","3,817",0,847,"3,954",4,"373,130"
884,Nox,20,6 / 2 / 8,542,"24,187","1,491","12,379","4,428",0,"2,700","1,314",11,"665,383"
885,Thor,20,10 / 6 / 2,500,"18,949","5,265","21,103","9,880",0,"3,013",0,5,"497,909"
886,Jormungandr,18,4 / 7 / 8,502,"20,257","2,022","25,337","21,320",0,"1,467",0,6,"497,113"
887,Nu Wa,19,2 / 7 / 4,448,"23,816","3,407","15,139","5,742",0,150,551,9,"498,748"
888,Mercury,20,9 / 1 / 10,757,"15,721","8,297","16,436","8,212",0,"8,689","4,648",3,"664,170"
889,Bakasura,20,11 / 4 / 2,614,"18,102","12,277","22,647","9,996",0,"9,252","1,636",6,"611,929"
890,Zeus,20,6 / 8 / 5,495,"20,026","3,577","22,342","7,084",0,"4,702",0,6,"477,359"
891,Pele,20,21 / 3 / 5,700,"38,824","15,146","31,745","17,738",0,"15,138","1,444",7,"555,826"
892,Sylvanus,17,3 / 4 / 3,464,"12,293","2,338","19,760","23,358","3,630","6,936",0,9,"490,639"
893,Medusa,20,8 / 4 / 13,646,"22,657","10,986","23,622","12,054",0,"15,074","11,798",7,"644,512"
894,Agni,20,7 / 4 / 9,616,"15,154","1,842","15,830","5,500",0,"6,984",837,8,"568,146"
895,Hel,19,7 / 5 / 6,557,"10,443",851,"17,670","8,281","7,728","6,350",565,3,"437,838"
896,Scylla,20,10 / 3 / 4,547,"25,249","2,888","18,418","6,606",0,"6,233",0,8,"512,966"
897,Thoth,20,6 / 7 / 4,550,"18,038",487,"18,424","5,621",0,"4,164",487,7,"479,175"
898,Nike,19,3 / 5 / 8,575,"15,100","4,251","17,934","11,571",0,"3,855","1,505",5,"502,226"
899,Aphrodite,20,7 / 2 / 12,556,"23,870","5,245","23,867","10,188","12,978","16,768","2,155",9,"613,490"
900,Ra,20,16 / 3 / 14,615,"33,890","1,802","19,839","8,956","16,715","10,340","3,240",5,"628,919"
901,Zhong Kui,17,5 / 5 / 0,494,"19,369","2,623","14,587","8,566",0,"4,364",0,6,"405,819"
902,Cernunnos,20,8 / 4 / 8,556,"25,021","13,007","16,656","5,893",0,"5,354",577,4,"560,611"
903,Ravana,20,11 / 4 / 9,673,"21,590","6,091","17,238","9,274",0,"6,037","5,812",6,"569,794"
904,Baron Samedi,20,9 / 5 / 10,642,"19,776","1,352","18,338","7,322","3,419","6,070","1,209",5,"549,967"
905,Rama,20,13 / 6 / 14,621,"30,849","23,950","23,415","8,622",0,"8,580","4,532",12,"561,831"
906,Cupid,17,5 / 2 / 6,609,"12,195","6,918","8,426","3,059","1,187","2,741","7,444",4,"344,492"
907,Anubis,20,10 / 6 / 5,648,"22,620",656,"14,287","7,435",0,"5,837","1,276",5,"357,097"
908,Thoth,20,18 / 3 / 8,654,"26,334","1,728","14,338","4,008",0,"5,404","4,516",8,"629,759"
909,Artio,20,5 / 1 / 11,541,"17,342","2,358","28,615","36,897","1,753","15,040",154,4,"488,224"
910,Sun Wukong,15,5 / 0 / 3,676,"9,340","2,594","10,613","10,296",0,"6,362",24,2,"251,602"
911,Scylla,18,7 / 0 / 2,778,"12,243","2,392","7,693","2,833",0,"4,572","2,983",4,"323,678"
912,Poseidon,17,8 / 6 / 11,954,"16,296","2,845","16,266","4,591","1,482","4,894",87,0,"203,984"
913,Nike,20,6 / 4 / 19,497,"27,739","6,654","36,112","34,388",0,"1,779","1,741",5,"674,774"
914,Anubis,20,7 / 7 / 4,583,"19,339",704,"21,334","10,765",0,"9,781","1,251",8,"460,324"
915,Arachne,20,10 / 10 / 6,608,"27,615","18,680","44,014","23,570",0,"19,549","3,600",5,"697,540"
916,The Morrigan,20,4 / 7 / 11,499,"40,400","4,406","25,103","8,264",0,"6,445","3,395",12,"1,108,688"
917,Ymir,17,4 / 5 / 6,520,"9,807","1,560","20,609","13,663",0,"1,913",0,5,"469,082"
918,Kumbhakarna,18,3 / 0 / 18,547,"11,757","1,977","20,736","21,345",0,"5,722",102,4,"550,811"
919,Kukulkan,11,1 / 3 / 2,517,"4,676",342,"4,816","1,478",0,122,0,3,"236,287"
920,Awilix,20,9 / 4 / 16,592,"20,036","8,583","23,206","11,996",0,"5,128","1,075",6,"659,624"
921,Anhur,20,6 / 1 / 8,606,"17,963","10,956","15,767","6,439",0,"1,619","5,566",8,"466,194"
922,Hades,20,6 / 5 / 20,589,"29,258","5,089","27,493","28,119","3,918","11,253","1,056",6,"591,014"
923,Kukulkan,20,3 / 2 / 18,547,"17,938","3,558","17,911","21,795",0,"6,310",954,9,"603,892"
924,Raijin,16,3 / 7 / 3,496,"8,998",49,"14,579","4,716",0,"2,105",504,5,"346,418"
925,Ullr,20,13 / 7 / 12,571,"25,734","9,421","38,380","32,006",0,"3,698","1,422",14,"901,924"
926,Sun Wukong,19,3 / 0 / 16,608,"14,188","4,125","22,179","15,946",0,"7,901","1,689",6,"549,677"
927,Chernobog,20,2 / 9 / 5,511,"17,859","11,008","20,745","7,354",0,"2,549",73,5,"478,782"
928,Nox,20,9 / 0 / 9,611,"16,718","1,545","11,119","4,706",0,672,"1,532",9,"525,395"
929,Kukulkan,20,7 / 7 / 19,524,"33,262","1,276","22,064","7,201",0,130,"2,393",8,"731,278"
930,Agni,12,1 / 5 / 4,463,"10,736","1,292","6,955","1,716",0,"1,817",0,3,"302,003"
931,Raijin,20,10 / 3 / 7,518,"35,459","3,887","28,073","12,965",0,"5,292",503,8,"719,804"
932,Isis,20,12 / 4 / 10,599,"37,618","2,432","23,573","10,900","3,009","9,731","1,146",8,"605,978"
933,Anhur,19,3 / 6 / 5,513,"13,080","8,770","19,469","7,118",0,350,"1,414",4,"404,428"
934,Zeus,20,16 / 10 / 8,587,"30,576","2,148","29,476","11,284",0,"7,997","1,013",10,"593,156"
935,Anhur,16,1 / 3 / 3,502,"6,074","3,288","11,051","2,691",0,"1,214",941,4,"364,425"
936,Artemis,18,2 / 5 / 2,486,"12,954","7,504","15,123","5,327",0,"5,385",742,3,"410,258"
937,Zeus,2,0 / 2 / 1,193,0,0,"1,753",134,0,0,0,0,0
938,Scylla,20,6 / 1 / 10,674,"13,900","2,527","12,616","4,098",0,"6,338","2,629",5,"405,994"
939,Sobek,15,2 / 1 / 12,638,"6,897",750,"9,764","8,926",0,"5,434",771,4,"379,470"
940,Kuzenbo,17,1 / 3 / 1,505,"7,668","2,352","16,031","17,452",0,"5,505",524,1,"389,444"
941,Bellona,20,9 / 4 / 10,530,"43,885","16,935","48,671","63,921",0,"24,566","1,130",8,"846,159"
942,Janus,20,2 / 3 / 1,512,"9,129",224,"17,728","5,827",0,"6,361","1,435",7,"531,337"
943,Chaac,20,8 / 1 / 7,592,"16,369","4,355","23,982","17,555",0,"15,458","5,452",7,"639,488"
944,Hun Batz,20,7 / 9 / 12,491,"32,092","8,856","33,781","24,567",0,"4,831",180,16,"923,205"
945,Ullr,17,2 / 6 / 9,420,"14,320","5,777","31,732","23,171",0,"2,902",0,7,"496,730"
946,Terra,19,1 / 5 / 7,488,"14,819","1,986","28,834","28,993","2,422","6,500",0,8,"586,963"
947,Raijin,20,15 / 2 / 16,656,"39,883","3,507","19,576","8,145",0,"9,840","4,194",9,"614,863"
948,Medusa,20,9 / 5 / 12,658,"23,227","14,389","19,302","8,064",0,"6,230","8,111",7,"509,063"
949,Scylla,20,11 / 2 / 7,689,"24,156","3,979","11,037","4,158",0,"5,714","2,666",7,"453,465"
950,Janus,19,4 / 5 / 10,501,"12,576","1,013","16,449","3,282",0,"3,551",954,7,"505,096"
951,Kumbhakarna,10,1 / 4 / 4,488,"3,096",317,"9,525","4,365",0,"1,689",0,3,"293,249"
952,Hercules,20,8 / 9 / 2,553,"21,675","8,542","34,459","14,775",0,"8,861",704,2,"568,096"
953,The Morrigan,20,11 / 7 / 12,600,"30,514","4,471","17,417","5,267",0,"2,287","3,029",11,"707,752"
954,Ao Kuang,20,13 / 0 / 6,697,"15,717","2,742","17,286","6,905",0,"12,473","3,782",4,"495,892"
955,Sun Wukong,18,7 / 1 / 16,609,"17,102","4,292","25,804","18,074",0,"7,256",338,9,"518,296"
956,Erlang Shen,20,8 / 4 / 10,525,"22,097","9,596","34,827","20,123",0,"7,944","1,508",12,"745,345"
957,Scylla,20,3 / 8 / 6,482,"11,664","1,535","15,618","4,624",0,"3,329",0,7,"474,586"
958,Skadi,20,7 / 3 / 6,697,"13,668","6,094","9,098","2,867",0,"1,548","4,640",6,"435,270"
959,Zhong Kui,15,5 / 1 / 0,555,"6,737","1,074","6,965","3,782",0,"3,735",0,5,"295,323"
960,Ra,20,5 / 8 / 11,513,"17,664",560,"19,415","8,619","13,793","5,297","1,443",9,"622,262"
961,Merlin,20,8 / 3 / 21,608,"27,979","1,399","16,704","5,981",0,"7,155","1,081",7,"582,476"
962,Thor,20,8 / 5 / 5,564,"17,925","2,863","25,235","10,403",0,"3,514",687,8,"601,578"
963,Nox,19,12 / 4 / 9,555,"16,967","1,315","14,309","6,479",0,"2,578",549,8,"457,894"
964,Kukulkan,20,8 / 2 / 8,597,"31,992","1,350","16,225","6,851",0,"3,382","3,199",6,"598,064"
965,Awilix,20,12 / 2 / 13,633,"20,265","9,450","19,389","10,815",0,"5,260","4,590",7,"714,029"
966,Sylvanus,20,3 / 2 / 20,526,"13,654","3,383","29,239","47,770","8,650","12,482",654,6,"675,899"
967,The Morrigan,20,9 / 5 / 8,610,"18,377","3,002","15,789","5,207",0,"3,428","4,653",8,"566,112"
968,Nu Wa,20,3 / 5 / 8,491,"24,317","4,539","14,389","4,723",0,0,53,4,"503,748"
969,Cernunnos,18,4 / 4 / 6,492,"18,492","10,510","17,378","5,098",0,"1,899","1,083",3,"440,043"
970,Vulcan,20,6 / 5 / 10,562,"26,829","4,743","16,117","6,326",0,"1,416",0,8,"714,675"
971,Scylla,20,17 / 2 / 8,665,"35,200","4,391","13,557","4,550",0,"7,171","1,842",8,"532,622"
972,Ra,20,7 / 1 / 12,645,"20,124","2,162","14,975","6,126","17,898","9,599","2,797",6,"504,145"
973,Kukulkan,20,10 / 2 / 7,637,"21,877","1,232","13,075","4,195",0,"1,703","1,755",6,"567,077"
974,Zhong Kui,20,15 / 1 / 10,677,"29,990","3,488","19,386","14,256",0,"13,059","3,567",9,"555,820"
975,Cernunnos,20,8 / 6 / 7,557,"26,402","14,148","26,118","11,883",0,"8,267","4,467",6,"550,066"
976,Anhur,20,8 / 2 / 2,649,"15,863","9,880","13,761","5,103",0,"7,094","6,308",6,"433,188"
977,Ares,16,2 / 9 / 7,561,"9,504",501,"25,412","18,572",0,"2,342",0,4,"436,329"
978,Loki,20,5 / 12 / 4,573,"10,436","3,446","23,689","6,882",0,"1,728","6,267",7,"523,282"
979,Ao Kuang,20,12 / 7 / 4,568,"28,073","5,202","28,229","12,497",0,"11,737",0,7,"567,709"
980,Hades,20,0 / 9 / 13,509,"20,009","3,908","31,013","24,983","2,800","10,389",910,8,"648,847"
981,Sol,20,10 / 6 / 8,598,"22,113","4,971","23,101","8,063",0,"11,409","8,283",6,"458,708"
982,Scylla,20,7 / 3 / 13,596,"32,817","3,539","16,129","5,451",0,"9,208","2,491",11,"615,199"
983,Awilix,20,12 / 9 / 15,580,"40,885","17,657","42,197","31,490",0,"4,113",0,8,"848,065"
984,Zeus,20,7 / 5 / 2,541,"25,785","3,948","14,253","3,988",0,"4,572",996,5,"403,028"
985,Thoth,20,10 / 2 / 7,631,"26,214","2,019","10,843","3,388",0,"5,374",922,4,"447,726"
986,Arachne,20,11 / 3 / 7,642,"31,458","19,275","33,530","17,063",0,"21,219","3,525",9,"692,628"
987,Agni,20,7 / 10 / 11,586,"20,674","2,121","17,687","5,834",0,"4,232","1,576",7,"433,736"
988,Discordia,14,4 / 1 / 2,637,"8,041","1,063","5,402","1,738",0,"2,401",596,1,"263,488"
989,Hou Yi,20,5 / 4 / 5,561,"18,202","10,602","18,614","6,144",0,"9,625","6,783",7,"455,396"
990,Bacchus,17,6 / 6 / 9,530,"19,019","3,053","19,048","18,707",0,"1,853",0,5,"468,820"
991,Scylla,17,6 / 3 / 6,592,"10,895","1,587","7,159","2,442",0,"2,933",723,6,"328,138"
992,Izanami,20,13 / 1 / 7,673,"30,180","17,829","11,671","4,892",0,"1,783","7,028",6,"454,742"
993,Cerberus,17,2 / 6 / 12,476,"14,716",893,"27,410","24,767",0,"4,953",21,7,"575,923"
994,Poseidon,20,7 / 4 / 6,550,"20,641","3,263","16,939","5,098",0,"5,615",605,6,"520,840"
995,Kukulkan,20,15 / 2 / 7,642,"31,864","3,386","14,455","6,447",0,"3,103","3,028",8,"574,778"
996,Hera,15,6 / 1 / 11,625,"13,181","3,675","5,400","1,769",0,0,"1,536",5,"319,187"
997,Arachne,19,4 / 4 / 1,573,"12,841","7,258","21,653","8,677",0,"11,672","5,156",6,"413,878"
998,Anhur,18,8 / 2 / 3,629,"11,913","6,346","12,220","4,326",0,"1,079","1,585",5,"349,275"
999,Freya,20,6 / 4 / 12,599,"24,448","10,005","26,030","11,114",0,"14,999","4,469",5,"606,474"
